case_id,has_case_id,has_suspicious_seed,has_evidence,has_accounts,has_timeline,has_finding,structurally_complete
CF00001,True,True,True,True,True,True,True
CF00002,True,True,True,True,True,True,True
CF00003,True,True,True,True,True,True,True
CF00004,True,True,True,True,True,True,True
CF00005,True,True,True,True,True,True,True
CF00006,True,True,True,True,True,True,True
CF00007,True,True,True,True,True,True,True
CF00008,True,True,True,True,True,True,True
CF00009,True,True,True,True,True,True,True
CF00010,True,True,True,True,True,True,True
CF00011,True,True,True,True,True,True,True
CF00012,True,True,True,True,True,True,True
CF00013,True,True,True,True,True,True,True
CF00014,True,True,True,True,True,True,True
CF00015,True,True,True,True,True,True,True
CF00016,True,True,True,True,True,True,True
CF00017,True,True,True,True,True,True,True
CF00018,True,True,True,True,True,True,True
CF00019,True,True,True,True,True,True,True
CF00020,True,True,True,True,True,True,True
CF00021,True,True,True,True,True,True,True
CF00022,True,True,True,True,True,True,True
CF00023,True,True,True,True,True,True,True
CF00024,True,True,True,True,True,True,True
CF00025,True,True,True,True,True,True,True
CF00026,True,True,True,True,True,True,True
CF00027,True,True,True,True,True,True,True
CF00028,True,True,True,True,True,True,True
CF00029,True,True,True,True,True,True,True
CF00030,True,True,True,True,True,True,True
CF00031,True,True,True,True,True,True,True
CF00032,True,True,True,True,True,True,True
CF00033,True,True,True,True,True,True,True
CF00034,True,True,True,True,True,True,True
CF00035,True,True,True,True,True,True,True
CF00036,True,True,True,True,True,True,True
CF00037,True,True,True,True,True,True,True
CF00038,True,True,True,True,True,True,True
CF00039,True,True,True,True,True,True,True
CF00040,True,True,True,True,True,True,True
CF00041,True,True,True,True,True,True,True
CF00042,True,True,True,True,True,True,True
CF00043,True,True,True,True,True,True,True
CF00044,True,True,True,True,True,True,True
CF00045,True,True,True,True,True,True,True
CF00046,True,True,True,True,True,True,True
CF00047,True,True,True,True,True,True,True
CF00048,True,True,True,True,True,True,True
CF00049,True,True,True,True,True,True,True
CF00050,True,True,True,True,True,True,True
CF00051,True,True,True,True,True,True,True
CF00052,True,True,True,True,True,True,True
CF00053,True,True,True,True,True,True,True
CF00054,True,True,True,True,True,True,True
CF00055,True,True,True,True,True,True,True
CF00056,True,True,True,True,True,True,True
CF00057,True,True,True,True,True,True,True
CF00058,True,True,True,True,True,True,True
CF00059,True,True,True,True,True,True,True
CF00060,True,True,True,True,True,True,True
CF00061,True,True,True,True,True,True,True
CF00062,True,True,True,True,True,True,True
CF00063,True,True,True,True,True,True,True
CF00064,True,True,True,True,True,True,True
CF00065,True,True,True,True,True,True,True
CF00066,True,True,True,True,True,True,True
CF00067,True,True,True,True,True,True,True
CF00068,True,True,True,True,True,True,True
CF00069,True,True,True,True,True,True,True
CF00070,True,True,True,True,True,True,True
CF00071,True,True,True,True,True,True,True
CF00072,True,True,True,True,True,True,True
CF00073,True,True,True,True,True,True,True
CF00074,True,True,True,True,True,True,True
CF00075,True,True,True,True,True,True,True
CF00076,True,True,True,True,True,True,True
CF00077,True,True,True,True,True,True,True
CF00078,True,True,True,True,True,True,True
CF00079,True,True,True,True,True,True,True
CF00080,True,True,True,True,True,True,True
CF00081,True,True,True,True,True,True,True
CF00082,True,True,True,True,True,True,True
CF00083,True,True,True,True,True,True,True
CF00084,True,True,True,True,True,True,True
CF00085,True,True,True,True,True,True,True
CF00086,True,True,True,True,True,True,True
CF00087,True,True,True,True,True,True,True
CF00088,True,True,True,True,True,True,True
CF00089,True,True,True,True,True,True,True
CF00090,True,True,True,True,True,True,True
CF00091,True,True,True,True,True,True,True
CF00092,True,True,True,True,True,True,True
CF00093,True,True,True,True,True,True,True
CF00094,True,True,True,True,True,True,True
CF00095,True,True,True,True,True,True,True
CF00096,True,True,True,True,True,True,True
CF00097,True,True,True,True,True,True,True
CF00098,True,True,True,True,True,True,True
CF00099,True,True,True,True,True,True,True
CF00100,True,True,True,True,True,True,True
CF00101,True,True,True,True,True,True,True
CF00102,True,True,True,True,True,True,True
CF00103,True,True,True,True,True,True,True
CF00104,True,True,True,True,True,True,True
CF00105,True,True,True,True,True,True,True
CF00106,True,True,True,True,True,True,True
CF00107,True,True,True,True,True,True,True
CF00108,True,True,True,True,True,True,True
CF00109,True,True,True,True,True,True,True
CF00110,True,True,True,True,True,True,True
CF00111,True,True,True,True,True,True,True
CF00112,True,True,True,True,True,True,True
CF00113,True,True,True,True,True,True,True
CF00114,True,True,True,True,True,True,True
CF00115,True,True,True,True,True,True,True
CF00116,True,True,True,True,True,True,True
CF00117,True,True,True,True,True,True,True
CF00118,True,True,True,True,True,True,True
CF00119,True,True,True,True,True,True,True
CF00120,True,True,True,True,True,True,True
CF00121,True,True,True,True,True,True,True
CF00122,True,True,True,True,True,True,True
CF00123,True,True,True,True,True,True,True
CF00124,True,True,True,True,True,True,True
CF00125,True,True,True,True,True,True,True
CF00126,True,True,True,True,True,True,True
CF00127,True,True,True,True,True,True,True
CF00128,True,True,True,True,True,True,True
CF00129,True,True,True,True,True,True,True
CF00130,True,True,True,True,True,True,True
CF00131,True,True,True,True,True,True,True
CF00132,True,True,True,True,True,True,True
CF00133,True,True,True,True,True,True,True
CF00134,True,True,True,True,True,True,True
CF00135,True,True,True,True,True,True,True
CF00136,True,True,True,True,True,True,True
CF00137,True,True,True,True,True,True,True
CF00138,True,True,True,True,True,True,True
CF00139,True,True,True,True,True,True,True
CF00140,True,True,True,True,True,True,True
CF00141,True,True,True,True,True,True,True
CF00142,True,True,True,True,True,True,True
CF00143,True,True,True,True,True,True,True
CF00144,True,True,True,True,True,True,True
CF00145,True,True,True,True,True,True,True
CF00146,True,True,True,True,True,True,True
CF00147,True,True,True,True,True,True,True
CF00148,True,True,True,True,True,True,True
CF00149,True,True,True,True,True,True,True
CF00150,True,True,True,True,True,True,True
CF00151,True,True,True,True,True,True,True
CF00152,True,True,True,True,True,True,True
CF00153,True,True,True,True,True,True,True
CF00154,True,True,True,True,True,True,True
CF00155,True,True,True,True,True,True,True
CF00156,True,True,True,True,True,True,True
CF00157,True,True,True,True,True,True,True
CF00158,True,True,True,True,True,True,True
CF00159,True,True,True,True,True,True,True
CF00160,True,True,True,True,True,True,True
CF00161,True,True,True,True,True,True,True
CF00162,True,True,True,True,True,True,True
CF00163,True,True,True,True,True,True,True
CF00164,True,True,True,True,True,True,True
CF00165,True,True,True,True,True,True,True
CF00166,True,True,True,True,True,True,True
CF00167,True,True,True,True,True,True,True
CF00168,True,True,True,True,True,True,True
CF00169,True,True,True,True,True,True,True
CF00170,True,True,True,True,True,True,True
CF00171,True,True,True,True,True,True,True
CF00172,True,True,True,True,True,True,True
CF00173,True,True,True,True,True,True,True
CF00174,True,True,True,True,True,True,True
CF00175,True,True,True,True,True,True,True
CF00176,True,True,True,True,True,True,True
CF00177,True,True,True,True,True,True,True
CF00178,True,True,True,True,True,True,True
CF00179,True,True,True,True,True,True,True
CF00180,True,True,True,True,True,True,True
CF00181,True,True,True,True,True,True,True
CF00182,True,True,True,True,True,True,True
CF00183,True,True,True,True,True,True,True
CF00184,True,True,True,True,True,True,True
CF00185,True,True,True,True,True,True,True
CF00186,True,True,True,True,True,True,True
CF00187,True,True,True,True,True,True,True
CF00188,True,True,True,True,True,True,True
CF00189,True,True,True,True,True,True,True
CF00190,True,True,True,True,True,True,True
CF00191,True,True,True,True,True,True,True
CF00192,True,True,True,True,True,True,True
CF00193,True,True,True,True,True,True,True
CF00194,True,True,True,True,True,True,True
CF00195,True,True,True,True,True,True,True
CF00196,True,True,True,True,True,True,True
CF00197,True,True,True,True,True,True,True
CF00198,True,True,True,True,True,True,True
CF00199,True,True,True,True,True,True,True
CF00200,True,True,True,True,True,True,True
CF00201,True,True,True,True,True,True,True
CF00202,True,True,True,True,True,True,True
CF00203,True,True,True,True,True,True,True
CF00204,True,True,True,True,True,True,True
CF00205,True,True,True,True,True,True,True
CF00206,True,True,True,True,True,True,True
CF00207,True,True,True,True,True,True,True
CF00208,True,True,True,True,True,True,True
CF00209,True,True,True,True,True,True,True
CF00210,True,True,True,True,True,True,True
CF00211,True,True,True,True,True,True,True
CF00212,True,True,True,True,True,True,True
CF00213,True,True,True,True,True,True,True
CF00214,True,True,True,True,True,True,True
CF00215,True,True,True,True,True,True,True
CF00216,True,True,True,True,True,True,True
CF00217,True,True,True,True,True,True,True
CF00218,True,True,True,True,True,True,True
CF00219,True,True,True,True,True,True,True
CF00220,True,True,True,True,True,True,True
CF00221,True,True,True,True,True,True,True
CF00222,True,True,True,True,True,True,True
CF00223,True,True,True,True,True,True,True
CF00224,True,True,True,True,True,True,True
CF00225,True,True,True,True,True,True,True
CF00226,True,True,True,True,True,True,True
CF00227,True,True,True,True,True,True,True
CF00228,True,True,True,True,True,True,True
CF00229,True,True,True,True,True,True,True
CF00230,True,True,True,True,True,True,True
CF00231,True,True,True,True,True,True,True
CF00232,True,True,True,True,True,True,True
CF00233,True,True,True,True,True,True,True
CF00234,True,True,True,True,True,True,True
CF00235,True,True,True,True,True,True,True
CF00236,True,True,True,True,True,True,True
CF00237,True,True,True,True,True,True,True
CF00238,True,True,True,True,True,True,True
CF00239,True,True,True,True,True,True,True
CF00240,True,True,True,True,True,True,True
CF00241,True,True,True,True,True,True,True
CF00242,True,True,True,True,True,True,True
CF00243,True,True,True,True,True,True,True
CF00244,True,True,True,True,True,True,True
CF00245,True,True,True,True,True,True,True
CF00246,True,True,True,True,True,True,True
CF00247,True,True,True,True,True,True,True
CF00248,True,True,True,True,True,True,True
CF00249,True,True,True,True,True,True,True
CF00250,True,True,True,True,True,True,True
CF00251,True,True,True,True,True,True,True
CF00252,True,True,True,True,True,True,True
CF00253,True,True,True,True,True,True,True
CF00254,True,True,True,True,True,True,True
CF00255,True,True,True,True,True,True,True
CF00256,True,True,True,True,True,True,True
CF00257,True,True,True,True,True,True,True
CF00258,True,True,True,True,True,True,True
CF00259,True,True,True,True,True,True,True
CF00260,True,True,True,True,True,True,True
CF00261,True,True,True,True,True,True,True
CF00262,True,True,True,True,True,True,True
CF00263,True,True,True,True,True,True,True
CF00264,True,True,True,True,True,True,True
CF00265,True,True,True,True,True,True,True
CF00266,True,True,True,True,True,True,True
CF00267,True,True,True,True,True,True,True
CF00268,True,True,True,True,True,True,True
CF00269,True,True,True,True,True,True,True
CF00270,True,True,True,True,True,True,True
CF00271,True,True,True,True,True,True,True
CF00272,True,True,True,True,True,True,True
CF00273,True,True,True,True,True,True,True
CF00274,True,True,True,True,True,True,True
CF00275,True,True,True,True,True,True,True
CF00276,True,True,True,True,True,True,True
CF00277,True,True,True,True,True,True,True
CF00278,True,True,True,True,True,True,True
CF00279,True,True,True,True,True,True,True
CF00280,True,True,True,True,True,True,True
CF00281,True,True,True,True,True,True,True
CF00282,True,True,True,True,True,True,True
CF00283,True,True,True,True,True,True,True
CF00284,True,True,True,True,True,True,True
CF00285,True,True,True,True,True,True,True
CF00286,True,True,True,True,True,True,True
CF00287,True,True,True,True,True,True,True
CF00288,True,True,True,True,True,True,True
CF00289,True,True,True,True,True,True,True
CF00290,True,True,True,True,True,True,True
CF00291,True,True,True,True,True,True,True
CF00292,True,True,True,True,True,True,True
CF00293,True,True,True,True,True,True,True
CF00294,True,True,True,True,True,True,True
CF00295,True,True,True,True,True,True,True
CF00296,True,True,True,True,True,True,True
CF00297,True,True,True,True,True,True,True
CF00298,True,True,True,True,True,True,True
CF00299,True,True,True,True,True,True,True
CF00300,True,True,True,True,True,True,True
CF00301,True,True,True,True,True,True,True
CF00302,True,True,True,True,True,True,True
CF00303,True,True,True,True,True,True,True
CF00304,True,True,True,True,True,True,True
CF00305,True,True,True,True,True,True,True
CF00306,True,True,True,True,True,True,True
CF00307,True,True,True,True,True,True,True
CF00308,True,True,True,True,True,True,True
CF00309,True,True,True,True,True,True,True
CF00310,True,True,True,True,True,True,True
CF00311,True,True,True,True,True,True,True
CF00312,True,True,True,True,True,True,True
CF00313,True,True,True,True,True,True,True
CF00314,True,True,True,True,True,True,True
CF00315,True,True,True,True,True,True,True
CF00316,True,True,True,True,True,True,True
CF00317,True,True,True,True,True,True,True
CF00318,True,True,True,True,True,True,True
CF00319,True,True,True,True,True,True,True
CF00320,True,True,True,True,True,True,True
CF00321,True,True,True,True,True,True,True
CF00322,True,True,True,True,True,True,True
CF00323,True,True,True,True,True,True,True
CF00324,True,True,True,True,True,True,True
CF00325,True,True,True,True,True,True,True
CF00326,True,True,True,True,True,True,True
CF00327,True,True,True,True,True,True,True
CF00328,True,True,True,True,True,True,True
CF00329,True,True,True,True,True,True,True
CF00330,True,True,True,True,True,True,True
CF00331,True,True,True,True,True,True,True
CF00332,True,True,True,True,True,True,True
CF00333,True,True,True,True,True,True,True
CF00334,True,True,True,True,True,True,True
CF00335,True,True,True,True,True,True,True
CF00336,True,True,True,True,True,True,True
CF00337,True,True,True,True,True,True,True
CF00338,True,True,True,True,True,True,True
CF00339,True,True,True,True,True,True,True
CF00340,True,True,True,True,True,True,True
CF00341,True,True,True,True,True,True,True
CF00342,True,True,True,True,True,True,True
CF00343,True,True,True,True,True,True,True
CF00344,True,True,True,True,True,True,True
CF00345,True,True,True,True,True,True,True
CF00346,True,True,True,True,True,True,True
CF00347,True,True,True,True,True,True,True
CF00348,True,True,True,True,True,True,True
CF00349,True,True,True,True,True,True,True
CF00350,True,True,True,True,True,True,True
CF00351,True,True,True,True,True,True,True
CF00352,True,True,True,True,True,True,True
CF00353,True,True,True,True,True,True,True
CF00354,True,True,True,True,True,True,True
CF00355,True,True,True,True,True,True,True
CF00356,True,True,True,True,True,True,True
CF00357,True,True,True,True,True,True,True
CF00358,True,True,True,True,True,True,True
CF00359,True,True,True,True,True,True,True
CF00360,True,True,True,True,True,True,True
CF00361,True,True,True,True,True,True,True
CF00362,True,True,True,True,True,True,True
CF00363,True,True,True,True,True,True,True
CF00364,True,True,True,True,True,True,True
CF00365,True,True,True,True,True,True,True
CF00366,True,True,True,True,True,True,True
CF00367,True,True,True,True,True,True,True
CF00368,True,True,True,True,True,True,True
CF00369,True,True,True,True,True,True,True
CF00370,True,True,True,True,True,True,True
CF00371,True,True,True,True,True,True,True
CF00372,True,True,True,True,True,True,True
CF00373,True,True,True,True,True,True,True
CF00374,True,True,True,True,True,True,True
CF00375,True,True,True,True,True,True,True
CF00376,True,True,True,True,True,True,True
CF00377,True,True,True,True,True,True,True
CF00378,True,True,True,True,True,True,True
CF00379,True,True,True,True,True,True,True
CF00380,True,True,True,True,True,True,True
CF00381,True,True,True,True,True,True,True
CF00382,True,True,True,True,True,True,True
CF00383,True,True,True,True,True,True,True
CF00384,True,True,True,True,True,True,True
CF00385,True,True,True,True,True,True,True
CF00386,True,True,True,True,True,True,True
CF00387,True,True,True,True,True,True,True
CF00388,True,True,True,True,True,True,True
CF00389,True,True,True,True,True,True,True
CF00390,True,True,True,True,True,True,True
CF00391,True,True,True,True,True,True,True
CF00392,True,True,True,True,True,True,True
CF00393,True,True,True,True,True,True,True
CF00394,True,True,True,True,True,True,True
CF00395,True,True,True,True,True,True,True
CF00396,True,True,True,True,True,True,True
CF00397,True,True,True,True,True,True,True
CF00398,True,True,True,True,True,True,True
CF00399,True,True,True,True,True,True,True
CF00400,True,True,True,True,True,True,True
CF00401,True,True,True,True,True,True,True
CF00402,True,True,True,True,True,True,True
CF00403,True,True,True,True,True,True,True
CF00404,True,True,True,True,True,True,True
CF00405,True,True,True,True,True,True,True
CF00406,True,True,True,True,True,True,True
CF00407,True,True,True,True,True,True,True
CF00408,True,True,True,True,True,True,True
CF00409,True,True,True,True,True,True,True
CF00410,True,True,True,True,True,True,True
CF00411,True,True,True,True,True,True,True
CF00412,True,True,True,True,True,True,True
CF00413,True,True,True,True,True,True,True
CF00414,True,True,True,True,True,True,True
CF00415,True,True,True,True,True,True,True
CF00416,True,True,True,True,True,True,True
CF00417,True,True,True,True,True,True,True
CF00418,True,True,True,True,True,True,True
CF00419,True,True,True,True,True,True,True
CF00420,True,True,True,True,True,True,True
CF00421,True,True,True,True,True,True,True
CF00422,True,True,True,True,True,True,True
CF00423,True,True,True,True,True,True,True
CF00424,True,True,True,True,True,True,True
CF00425,True,True,True,True,True,True,True
CF00426,True,True,True,True,True,True,True
CF00427,True,True,True,True,True,True,True
CF00428,True,True,True,True,True,True,True
CF00429,True,True,True,True,True,True,True
CF00430,True,True,True,True,True,True,True
CF00431,True,True,True,True,True,True,True
CF00432,True,True,True,True,True,True,True
CF00433,True,True,True,True,True,True,True
CF00434,True,True,True,True,True,True,True
CF00435,True,True,True,True,True,True,True
CF00436,True,True,True,True,True,True,True
CF00437,True,True,True,True,True,True,True
CF00438,True,True,True,True,True,True,True
CF00439,True,True,True,True,True,True,True
CF00440,True,True,True,True,True,True,True
CF00441,True,True,True,True,True,True,True
CF00442,True,True,True,True,True,True,True
CF00443,True,True,True,True,True,True,True
CF00444,True,True,True,True,True,True,True
CF00445,True,True,True,True,True,True,True
CF00446,True,True,True,True,True,True,True
CF00447,True,True,True,True,True,True,True
CF00448,True,True,True,True,True,True,True
CF00449,True,True,True,True,True,True,True
CF00450,True,True,True,True,True,True,True
CF00451,True,True,True,True,True,True,True
CF00452,True,True,True,True,True,True,True
CF00453,True,True,True,True,True,True,True
CF00454,True,True,True,True,True,True,True
CF00455,True,True,True,True,True,True,True
CF00456,True,True,True,True,True,True,True
CF00457,True,True,True,True,True,True,True
CF00458,True,True,True,True,True,True,True
CF00459,True,True,True,True,True,True,True
CF00460,True,True,True,True,True,True,True
CF00461,True,True,True,True,True,True,True
CF00462,True,True,True,True,True,True,True
CF00463,True,True,True,True,True,True,True
CF00464,True,True,True,True,True,True,True
CF00465,True,True,True,True,True,True,True
CF00466,True,True,True,True,True,True,True
CF00467,True,True,True,True,True,True,True
CF00468,True,True,True,True,True,True,True
CF00469,True,True,True,True,True,True,True
CF00470,True,True,True,True,True,True,True
CF00471,True,True,True,True,True,True,True
CF00472,True,True,True,True,True,True,True
CF00473,True,True,True,True,True,True,True
CF00474,True,True,True,True,True,True,True
CF00475,True,True,True,True,True,True,True
CF00476,True,True,True,True,True,True,True
CF00477,True,True,True,True,True,True,True
CF00478,True,True,True,True,True,True,True
CF00479,True,True,True,True,True,True,True
CF00480,True,True,True,True,True,True,True
