feature,importance
type_TRANSFER,0.1604067751081076
amount,0.11305053711950766
sqrt_amount,0.10619092065244795
step_hour,0.09189456585003387
type_PAYMENT,0.0906601034896772
type_CASH_OUT,0.08849937262753967
log_amount,0.07923598056253008
type_CASH_IN,0.04423199110283388
dest_prev_total_amount,0.032462737636902585
dest_prev_step,0.03212008437047922
step,0.03093335389023851
dest_prev_avg_amount,0.025210578647219862
dest_prev_amount,0.02325116214499816
step_day,0.021633146077359756
dest_step_gap,0.020238281649996855
dest_prev_count,0.01978347279957589
dest_prev2_amount,0.009308023501550659
dest_prev3_amount,0.007449870033930477
dest_has_history,0.0025234803891025902
type_DEBIT,0.000519178350515441
orig_prev_total_amount,0.00012190640988271691
orig_prev_amount,9.008539024171034e-05
orig_prev_avg_amount,8.236772123705015e-05
orig_step_gap,6.085154317562328e-05
orig_prev_step,3.1328449486934824e-05
orig_unique_destinations,5.613844132671934e-06
orig_has_history,2.16895195384224e-06
orig_prev_count,2.0616853415621167e-06
orig_prev2_amount,0.0
orig_prev3_amount,0.0
