window_steps,case_group_root,seed_count,context_transaction_count,case_transaction_count,seed_transaction_ids
1,0,1,0,1,TX05989367
1,1,1,0,1,TX06009078
1,2,1,0,1,TX06020321
1,3,1,0,1,TX06272967
1,4,1,0,1,TX06008683
1,5,1,0,1,TX06282922
1,6,1,0,1,TX06118810
1,7,1,0,1,TX06362435
1,8,1,0,1,TX06040075
1,9,1,0,1,TX06009347
1,10,1,0,1,TX06040598
1,11,1,0,1,TX06201879
1,12,1,0,1,TX06065202
1,13,1,0,1,TX06008693
1,14,1,0,1,TX06168670
1,15,1,0,1,TX05987983
1,16,1,0,1,TX06351198
1,17,1,0,1,TX06201898
1,18,1,0,1,TX06281828
1,19,1,0,1,TX06272975
1,20,1,0,1,TX06201863
1,21,1,0,1,TX06020100
1,22,1,0,1,TX06020089
1,23,1,0,1,TX06201740
1,24,1,0,1,TX06282670
1,25,1,0,1,TX06260460
1,26,1,0,1,TX06282986
1,27,1,0,1,TX06259977
1,28,1,0,1,TX06202691
1,29,1,0,1,TX06260464
1,30,1,0,1,TX06351250
1,31,1,0,1,TX06283290
1,32,1,0,1,TX06065315
1,33,1,0,1,TX06020349
1,34,1,0,1,TX06118055
1,35,1,0,1,TX06020327
1,36,1,0,1,TX06168674
1,37,1,0,1,TX06281790
1,38,1,0,1,TX06168704
1,39,1,0,1,TX06362421
1,40,1,0,1,TX06008877
1,41,1,0,1,TX06259931
1,42,1,0,1,TX06351189
1,43,1,0,1,TX06281818
1,44,1,0,1,TX06351167
1,45,1,0,1,TX06020273
1,46,1,0,1,TX06362367
1,47,1,0,1,TX05987903
1,48,1,0,1,TX06019903
1,49,1,0,1,TX06282180
1,50,1,0,1,TX06351083
1,51,1,0,1,TX06039462
1,52,1,0,1,TX06168700
1,53,1,0,1,TX06296667
1,54,1,0,1,TX06168708
1,55,1,0,1,TX06118820
1,56,1,0,1,TX06296619
1,57,1,0,1,TX06040184
1,58,1,0,1,TX06201830
1,59,1,0,1,TX06259949
1,60,1,0,1,TX06351146
1,61,1,0,1,TX06260944
1,62,1,0,1,TX06282223
1,63,1,0,1,TX06282379
1,64,1,0,1,TX06273118
1,65,1,0,1,TX05988203
1,66,1,0,1,TX06296759
1,67,1,0,1,TX06283522
1,68,1,0,1,TX06362429
1,69,1,0,1,TX05988632
1,70,1,0,1,TX06260351
1,71,1,0,1,TX06118814
1,72,1,0,1,TX05988790
1,73,1,0,1,TX06260268
1,74,1,0,1,TX06362427
1,75,1,0,1,TX06020335
1,76,1,0,1,TX05988937
1,77,1,0,1,TX06283176
1,78,1,0,1,TX06282399
1,79,1,0,1,TX05989583
1,80,1,0,1,TX06259935
1,81,1,0,1,TX06039799
1,82,1,0,1,TX06201882
1,83,1,0,1,TX06009123
1,84,1,0,1,TX06281830
1,85,1,0,1,TX06259973
1,86,1,0,1,TX05988250
1,87,1,0,1,TX06040210
1,88,1,0,1,TX06020307
1,89,1,0,1,TX06281806
1,90,1,0,1,TX06020309
1,91,1,0,1,TX06168660
1,92,1,0,1,TX06118180
1,93,1,0,1,TX06259945
1,94,1,0,1,TX06259941
1,95,1,0,1,TX06259969
1,96,1,0,1,TX06351230
1,97,1,0,1,TX06168686
1,98,1,0,1,TX06008805
1,99,1,0,1,TX06039994
1,100,1,0,1,TX06040600
1,101,1,0,1,TX06117877
1,102,1,0,1,TX06168684
1,103,1,0,1,TX06362399
1,104,1,0,1,TX06351228
1,105,1,0,1,TX06351208
1,106,1,0,1,TX06202042
1,107,1,0,1,TX05988238
1,108,1,0,1,TX06362381
1,109,1,0,1,TX05988537
1,110,1,1,2,TX06260124
1,111,1,0,1,TX06260821
1,112,1,0,1,TX06168706
1,113,1,0,1,TX06282821
1,114,1,0,1,TX06282960
1,115,1,0,1,TX06362423
1,116,1,0,1,TX06040652
1,117,1,0,1,TX05987931
1,118,1,0,1,TX06020171
1,119,1,0,1,TX06281808
1,120,1,0,1,TX06272983
1,121,1,0,1,TX05987937
1,122,1,0,1,TX06118584
1,123,1,0,1,TX06351206
1,124,1,0,1,TX06117974
1,125,1,0,1,TX06362379
1,126,1,0,1,TX06020339
1,127,1,0,1,TX06008744
1,128,1,0,1,TX06040480
1,129,1,0,1,TX06201838
1,130,1,0,1,TX06064983
1,131,1,0,1,TX06064989
1,132,1,0,1,TX06039815
1,133,1,0,1,TX05988234
1,134,1,0,1,TX06259939
1,135,1,0,1,TX06064997
1,136,1,0,1,TX06168692
1,137,1,0,1,TX06020228
1,138,1,0,1,TX06008497
1,139,1,0,1,TX06118296
1,140,1,0,1,TX06008687
1,141,1,0,1,TX06282966
1,142,1,0,1,TX06362431
1,143,1,0,1,TX06065299
1,144,1,0,1,TX06118144
1,145,1,0,1,TX06201900
1,146,1,0,1,TX06020325
1,147,1,0,1,TX06020315
1,148,1,0,1,TX06040733
1,149,1,0,1,TX06020355
1,150,1,0,1,TX06296661
1,151,1,0,1,TX06201707
1,152,1,0,1,TX06351183
1,153,1,0,1,TX06283013
1,154,1,0,1,TX06283553
1,155,1,0,1,TX06168710
1,156,1,0,1,TX06351244
1,157,1,0,1,TX06260297
1,158,1,0,1,TX06281861
1,159,1,0,1,TX05988543
1,160,1,0,1,TX06351096
1,161,1,0,1,TX05987911
1,162,1,0,1,TX06351234
1,163,1,0,1,TX06040343
1,164,1,0,1,TX06296686
1,165,1,0,1,TX05988021
1,166,1,0,1,TX06351194
1,167,1,0,1,TX06064999
1,168,1,0,1,TX06259917
1,169,1,0,1,TX06281788
1,170,1,0,1,TX06296627
1,171,1,0,1,TX06039466
1,172,1,0,1,TX05987915
1,173,1,0,1,TX06282938
1,174,1,0,1,TX06168502
1,175,1,0,1,TX06168510
1,176,1,0,1,TX06202683
1,177,1,0,1,TX06362397
1,178,1,0,1,TX06167393
1,179,1,0,1,TX06117069
1,180,1,0,1,TX06008447
1,181,1,0,1,TX05982319
1,182,1,0,1,TX06117676
1,183,1,0,1,TX06260790
1,184,1,0,1,TX06273157
1,185,1,0,1,TX06040729
1,186,1,0,1,TX06281822
1,187,1,0,1,TX06039801
1,188,1,0,1,TX06065271
1,189,1,0,1,TX05987956
1,190,1,0,1,TX06362357
1,191,1,0,1,TX06260336
1,192,1,0,1,TX06168702
1,193,1,0,1,TX06040008
1,194,1,0,1,TX06008707
1,195,1,0,1,TX06259975
1,196,1,0,1,TX06259963
1,197,1,0,1,TX06020215
1,198,1,0,1,TX06201645
1,199,1,0,1,TX06167267
1,200,1,0,1,TX05988342
1,201,1,0,1,TX05989567
1,202,1,0,1,TX06273161
1,203,1,0,1,TX06282969
1,204,1,0,1,TX05988684
1,205,1,0,1,TX06202904
1,206,1,0,1,TX06118806
1,207,1,0,1,TX06362425
1,208,1,0,1,TX06009149
1,209,1,0,1,TX06281798
1,210,1,0,1,TX06362389
1,211,1,0,1,TX06351200
1,212,1,0,1,TX06020319
1,213,1,0,1,TX06351186
1,214,1,0,1,TX06362373
1,215,1,0,1,TX06039791
1,216,1,0,1,TX06168666
1,217,1,0,1,TX06020195
1,218,1,0,1,TX06281812
1,219,1,0,1,TX06362415
1,220,1,0,1,TX06039537
1,221,1,0,1,TX06351212
1,222,1,0,1,TX05985135
1,223,1,0,1,TX06116903
1,224,1,0,1,TX06039460
1,225,1,0,1,TX06296629
1,226,1,0,1,TX06281776
1,227,1,0,1,TX06201661
1,228,1,0,1,TX05980737
1,229,1,0,1,TX05980425
1,230,1,0,1,TX05981990
1,231,1,0,1,TX05987221
1,232,1,0,1,TX06283786
1,233,1,0,1,TX06040580
1,234,1,0,1,TX05988264
1,235,1,0,1,TX06202670
1,236,1,0,1,TX06065070
1,237,1,0,1,TX06296634
1,238,1,0,1,TX06039777
1,239,1,0,1,TX06351178
1,240,1,0,1,TX06259925
1,241,1,0,1,TX06039470
1,242,1,0,1,TX06282118
1,243,1,0,1,TX06281832
1,244,1,0,1,TX06020167
1,245,1,0,1,TX06020323
1,246,1,0,1,TX06201076
1,247,1,0,1,TX06362347
1,248,1,0,1,TX06116754
1,249,1,0,1,TX05984911
1,250,1,0,1,TX06362339
1,251,1,0,1,TX06019709
1,252,1,0,1,TX06362345
1,253,1,0,1,TX06167294
1,254,1,0,1,TX06272927
1,255,1,0,1,TX06296103
1,256,1,0,1,TX06351058
1,257,1,0,1,TX06019713
1,258,1,0,1,TX05982381
1,259,1,0,1,TX06362341
1,260,1,0,1,TX06362403
1,261,1,0,1,TX06272981
1,262,1,0,1,TX06351238
1,263,1,0,1,TX05988254
1,264,1,0,1,TX06117984
1,265,1,0,1,TX06296196
1,266,1,0,1,TX06008689
1,267,1,0,1,TX06260575
1,268,1,0,1,TX06008818
1,269,1,0,1,TX06201470
1,270,1,0,1,TX06259281
1,271,1,0,1,TX06281800
1,272,1,0,1,TX06362401
1,273,1,0,1,TX06201469
1,274,1,0,1,TX06202693
1,275,1,0,1,TX06201210
1,276,1,0,1,TX06065305
1,277,1,0,1,TX06282441
1,278,1,0,1,TX06202457
1,279,1,0,1,TX06362393
1,280,1,0,1,TX06065214
1,281,1,0,1,TX06020041
1,282,1,0,1,TX06260425
1,283,1,0,1,TX06362371
1,284,1,0,1,TX06118419
1,285,1,0,1,TX06039793
1,286,1,0,1,TX06259933
1,287,1,0,1,TX06008691
1,288,1,0,1,TX05987976
1,289,1,0,1,TX06296761
1,290,1,0,1,TX06117977
1,291,1,0,1,TX06008768
1,292,1,0,1,TX06020165
1,293,1,0,1,TX06019711
1,294,1,0,1,TX06065313
1,295,1,0,1,TX06020353
1,296,1,0,1,TX06351144
1,297,1,0,1,TX05989993
1,298,1,0,1,TX06039809
1,299,1,0,1,TX06065295
1,300,1,0,1,TX06008705
1,301,1,0,1,TX06259817
1,302,1,0,1,TX05989246
1,303,1,0,1,TX06351062
1,304,1,0,1,TX06201415
1,305,1,0,1,TX06064662
1,306,1,0,1,TX06259947
1,307,1,0,1,TX06259971
1,308,1,0,1,TX06351150
1,309,1,0,1,TX06064090
1,310,1,0,1,TX06039444
1,311,1,0,1,TX06259953
1,312,1,0,1,TX06040166
1,313,1,0,1,TX06040238
1,314,1,0,1,TX06296740
1,315,1,0,1,TX06259116
1,316,1,0,1,TX06019717
1,317,1,0,1,TX05987653
1,318,1,0,1,TX06296679
1,319,1,0,1,TX06362377
1,320,1,0,1,TX05987929
1,321,1,0,1,TX05981183
1,322,1,0,1,TX05981197
1,323,1,0,1,TX06064981
1,324,1,0,1,TX06019899
1,325,1,0,1,TX06201286
1,326,1,0,1,TX06296580
1,327,1,0,1,TX05987536
1,328,1,0,1,TX06064909
1,329,1,0,1,TX06281570
1,330,1,0,1,TX06019721
1,331,1,0,1,TX06008417
1,332,1,0,1,TX06117850
1,333,1,0,1,TX06201756
1,334,1,0,1,TX06259434
1,335,1,0,1,TX06168490
1,336,1,0,1,TX06282948
1,337,1,0,1,TX05988258
1,338,1,0,1,TX06168664
1,339,1,0,1,TX06118168
1,340,1,0,1,TX06259870
1,341,1,0,1,TX06168488
1,342,1,0,1,TX06168492
1,343,1,0,1,TX06272943
1,344,1,0,1,TX06201654
1,345,1,0,1,TX06039446
1,346,1,0,1,TX06281786
1,347,1,0,1,TX06019719
1,348,1,0,1,TX06064277
1,349,1,0,1,TX06296509
1,350,1,0,1,TX06167523
1,351,1,0,1,TX05984882
1,352,1,0,1,TX06272957
1,353,1,0,1,TX06201834
1,354,1,0,1,TX06296245
1,355,1,0,1,TX06272961
1,356,1,0,1,TX06008423
1,357,1,0,1,TX06351068
1,358,1,0,1,TX06064468
1,359,1,0,1,TX06064282
1,360,1,0,1,TX06259034
1,361,1,0,1,TX06167461
1,362,1,0,1,TX05983684
1,363,1,0,1,TX06201140
1,364,1,0,1,TX06117032
1,365,1,0,1,TX06116596
1,366,1,0,1,TX06272959
1,367,1,0,1,TX05981436
1,368,1,0,1,TX06166980
1,369,1,0,1,TX06200971
1,370,1,0,1,TX06064994
1,371,1,0,1,TX06351215
1,372,1,0,1,TX06166753
1,373,1,0,1,TX06115664
1,374,1,0,1,TX06347064
1,375,1,0,1,TX06040737
1,376,1,0,1,TX06065319
1,377,1,0,1,TX06301202
1,378,1,0,1,TX05974061
1,379,1,0,1,TX06349691
1,380,1,0,1,TX06300611
1,381,1,0,1,TX06020240
1,382,1,0,1,TX06168688
1,383,1,0,1,TX06282132
1,384,1,0,1,TX06039870
1,385,1,0,1,TX06273113
1,386,1,0,1,TX06202239
1,387,1,0,1,TX06296099
1,388,1,0,1,TX06203497
1,389,1,0,1,TX06065321
1,390,1,0,1,TX06065317
1,391,1,0,1,TX06203779
1,392,1,0,1,TX06296757
1,393,1,0,1,TX06040731
1,394,1,0,1,TX06260212
1,395,1,0,1,TX05989789
1,396,1,0,1,TX06040605
1,397,1,0,1,TX06039795
1,398,1,0,1,TX06202034
1,399,1,0,1,TX06008709
1,400,1,0,1,TX06298150
1,401,1,0,1,TX06281804
1,402,1,0,1,TX06296681
1,403,1,0,1,TX06064513
1,404,1,0,1,TX06351127
1,405,1,0,1,TX05990195
1,406,1,0,1,TX06353028
1,407,1,0,1,TX06168656
1,408,1,0,1,TX06118436
1,409,1,0,1,TX06168668
1,410,1,0,1,TX05988010
1,411,1,0,1,TX06201904
1,412,1,0,1,TX06201998
1,413,1,0,1,TX06064987
1,414,1,0,1,TX06201734
1,415,1,0,1,TX06260574
1,416,1,0,1,TX06202791
1,417,1,0,1,TX06273169
1,418,1,0,1,TX06203238
1,419,1,0,1,TX06300632
1,420,1,0,1,TX06362441
1,421,1,0,1,TX06020277
1,422,1,0,1,TX06362417
1,423,1,0,1,TX06204584
1,424,1,0,1,TX06272971
1,425,1,0,1,TX06118812
1,426,1,0,1,TX06260055
1,427,1,0,1,TX06201890
1,428,1,0,1,TX06202697
1,429,1,0,1,TX06118804
1,430,1,0,1,TX06118183
1,431,1,0,1,TX06040022
1,432,1,0,1,TX06351196
1,433,1,0,1,TX06200944
1,434,1,0,1,TX05990048
1,435,1,0,1,TX06351064
1,436,1,0,1,TX06273143
1,437,1,0,1,TX06168662
1,438,1,0,1,TX06201876
1,439,1,0,1,TX06362405
1,440,1,0,1,TX06008477
1,441,1,0,1,TX06065289
1,442,1,0,1,TX06020282
1,443,1,0,1,TX06117952
1,444,1,0,1,TX06118261
1,445,1,0,1,TX06039450
1,446,1,0,1,TX06362391
1,447,1,0,1,TX06019725
1,448,1,0,1,TX06281780
1,449,1,0,1,TX05987909
1,450,1,0,1,TX06202843
1,451,1,0,1,TX06281796
1,452,1,0,1,TX06008483
1,453,1,0,1,TX06281820
1,454,1,0,1,TX06201458
1,455,1,0,1,TX06296368
1,456,1,0,1,TX05987212
1,457,1,0,1,TX06118818
1,458,1,1,2,TX05989530
1,459,1,0,1,TX05990450
1,460,1,0,1,TX06298445
1,461,1,0,1,TX06300207
1,462,1,0,1,TX06281499
1,463,1,0,1,TX05981603
1,464,1,0,1,TX06351060
1,465,1,0,1,TX06259915
1,466,1,0,1,TX06008431
1,467,1,0,1,TX06259868
1,468,1,0,1,TX05987516
1,469,1,0,1,TX06201186
1,470,1,0,1,TX05982733
1,471,1,0,1,TX05986484
1,472,1,0,1,TX06259032
1,473,1,0,1,TX05981967
1,474,1,0,1,TX05986470
1,475,1,0,1,TX06168676
1,476,1,0,1,TX06167694
1,477,1,0,1,TX05979465
1,478,1,0,1,TX05979830
1,479,1,0,1,TX06118832
6,0,1,0,1,TX05989367
6,1,1,0,1,TX06009078
6,2,1,0,1,TX06020321
6,3,1,0,1,TX06272967
6,4,1,0,1,TX06008683
6,5,1,0,1,TX06282922
6,6,1,0,1,TX06118810
6,7,1,0,1,TX06362435
6,8,1,0,1,TX06040075
6,9,1,0,1,TX06009347
6,10,1,0,1,TX06040598
6,11,1,0,1,TX06201879
6,12,1,0,1,TX06065202
6,13,1,0,1,TX06008693
6,14,1,0,1,TX06168670
6,15,1,0,1,TX05987983
6,16,1,0,1,TX06351198
6,17,1,0,1,TX06201898
6,18,1,0,1,TX06281828
6,19,1,0,1,TX06272975
6,20,1,0,1,TX06201863
6,21,1,0,1,TX06020100
6,22,1,0,1,TX06020089
6,23,1,0,1,TX06201740
6,24,1,0,1,TX06282670
6,25,1,0,1,TX06260460
6,26,1,0,1,TX06282986
6,27,1,0,1,TX06259977
6,28,1,0,1,TX06202691
6,29,1,0,1,TX06260464
6,30,1,0,1,TX06351250
6,31,1,0,1,TX06283290
6,32,1,0,1,TX06065315
6,33,1,0,1,TX06020349
6,34,1,0,1,TX06118055
6,35,1,0,1,TX06020327
6,36,1,0,1,TX06168674
6,37,1,0,1,TX06281790
6,38,1,0,1,TX06168704
6,39,1,0,1,TX06362421
6,40,1,0,1,TX06008877
6,41,1,0,1,TX06259931
6,42,1,0,1,TX06351189
6,43,1,0,1,TX06281818
6,44,1,0,1,TX06351167
6,45,1,0,1,TX06020273
6,46,1,0,1,TX06362367
6,47,1,0,1,TX05987903
6,48,1,0,1,TX06019903
6,49,1,0,1,TX06282180
6,50,1,0,1,TX06351083
6,51,1,0,1,TX06039462
6,52,1,0,1,TX06168700
6,53,1,0,1,TX06296667
6,54,1,0,1,TX06168708
6,55,1,0,1,TX06118820
6,56,1,0,1,TX06296619
6,57,1,0,1,TX06040184
6,58,1,0,1,TX06201830
6,59,1,0,1,TX06259949
6,60,1,0,1,TX06351146
6,61,1,0,1,TX06260944
6,62,1,0,1,TX06282223
6,63,1,0,1,TX06282379
6,64,1,0,1,TX06273118
6,65,1,0,1,TX05988203
6,66,1,0,1,TX06296759
6,67,1,0,1,TX06283522
6,68,1,0,1,TX06362429
6,69,1,0,1,TX05988632
6,70,1,0,1,TX06260351
6,71,1,0,1,TX06118814
6,72,1,0,1,TX05988790
6,73,1,0,1,TX06260268
6,74,1,0,1,TX06362427
6,75,1,0,1,TX06020335
6,76,1,0,1,TX05988937
6,77,1,0,1,TX06283176
6,78,1,0,1,TX06282399
6,79,1,0,1,TX05989583
6,80,1,0,1,TX06259935
6,81,1,0,1,TX06039799
6,82,1,0,1,TX06201882
6,83,1,0,1,TX06009123
6,84,1,0,1,TX06281830
6,85,1,0,1,TX06259973
6,86,1,1,2,TX05988250
6,87,1,0,1,TX06040210
6,88,1,0,1,TX06020307
6,89,1,0,1,TX06281806
6,90,1,0,1,TX06020309
6,91,1,0,1,TX06168660
6,92,1,0,1,TX06118180
6,93,1,0,1,TX06259945
6,94,1,0,1,TX06259941
6,95,1,0,1,TX06259969
6,96,1,0,1,TX06351230
6,97,1,0,1,TX06168686
6,98,1,0,1,TX06008805
6,99,1,0,1,TX06039994
6,100,1,0,1,TX06040600
6,101,1,0,1,TX06117877
6,102,1,0,1,TX06168684
6,103,1,0,1,TX06362399
6,104,1,0,1,TX06351228
6,105,1,0,1,TX06351208
6,106,1,0,1,TX06202042
6,107,1,0,1,TX05988238
6,108,1,0,1,TX06362381
6,109,1,0,1,TX05988537
6,110,1,1,2,TX06260124
6,111,1,0,1,TX06260821
6,112,1,0,1,TX06168706
6,113,1,0,1,TX06282821
6,114,1,0,1,TX06282960
6,115,1,0,1,TX06362423
6,116,1,0,1,TX06040652
6,117,1,0,1,TX05987931
6,118,1,0,1,TX06020171
6,119,1,0,1,TX06281808
6,120,1,0,1,TX06272983
6,121,1,0,1,TX05987937
6,122,1,0,1,TX06118584
6,123,1,0,1,TX06351206
6,124,1,0,1,TX06117974
6,125,1,0,1,TX06362379
6,126,1,0,1,TX06020339
6,127,1,0,1,TX06008744
6,128,1,0,1,TX06040480
6,129,1,0,1,TX06201838
6,130,1,0,1,TX06064983
6,131,1,0,1,TX06064989
6,132,1,0,1,TX06039815
6,133,1,0,1,TX05988234
6,134,1,0,1,TX06259939
6,135,1,0,1,TX06064997
6,136,1,0,1,TX06168692
6,137,1,0,1,TX06020228
6,138,1,0,1,TX06008497
6,139,1,0,1,TX06118296
6,140,1,0,1,TX06008687
6,141,1,0,1,TX06282966
6,142,1,0,1,TX06362431
6,143,1,0,1,TX06065299
6,144,1,0,1,TX06118144
6,145,1,0,1,TX06201900
6,146,1,0,1,TX06020325
6,147,1,0,1,TX06020315
6,148,1,0,1,TX06040733
6,149,1,0,1,TX06020355
6,150,1,0,1,TX06296661
6,151,1,0,1,TX06201707
6,152,1,0,1,TX06351183
6,153,1,0,1,TX06283013
6,154,1,0,1,TX06283553
6,155,1,0,1,TX06168710
6,156,1,0,1,TX06351244
6,157,1,0,1,TX06260297
6,158,1,0,1,TX06281861
6,159,1,0,1,TX05988543
6,160,1,0,1,TX06351096
6,161,1,0,1,TX05987911
6,162,1,0,1,TX06351234
6,163,1,0,1,TX06040343
6,164,1,0,1,TX06296686
6,165,1,0,1,TX05988021
6,166,1,0,1,TX06351194
6,167,1,0,1,TX06064999
6,168,1,0,1,TX06259917
6,169,1,0,1,TX06281788
6,170,1,0,1,TX06296627
6,171,1,0,1,TX06039466
6,172,1,0,1,TX05987915
6,173,1,0,1,TX06282938
6,174,1,0,1,TX06168502
6,175,1,0,1,TX06168510
6,176,1,0,1,TX06202683
6,177,1,0,1,TX06362397
6,178,1,0,1,TX06167393
6,179,1,0,1,TX06117069
6,180,1,0,1,TX06008447
6,181,1,0,1,TX05982319
6,182,1,0,1,TX06117676
6,183,1,0,1,TX06260790
6,184,1,0,1,TX06273157
6,185,1,0,1,TX06040729
6,186,1,0,1,TX06281822
6,187,1,0,1,TX06039801
6,188,1,0,1,TX06065271
6,189,1,0,1,TX05987956
6,190,1,0,1,TX06362357
6,191,1,0,1,TX06260336
6,192,1,0,1,TX06168702
6,193,1,0,1,TX06040008
6,194,1,0,1,TX06008707
6,195,1,0,1,TX06259975
6,196,1,0,1,TX06259963
6,197,1,0,1,TX06020215
6,198,1,0,1,TX06201645
6,199,1,0,1,TX06167267
6,200,1,0,1,TX05988342
6,201,1,0,1,TX05989567
6,202,1,0,1,TX06273161
6,203,1,0,1,TX06282969
6,204,1,0,1,TX05988684
6,205,1,0,1,TX06202904
6,206,1,0,1,TX06118806
6,207,1,0,1,TX06362425
6,208,1,0,1,TX06009149
6,209,1,0,1,TX06281798
6,210,1,0,1,TX06362389
6,211,1,0,1,TX06351200
6,212,1,0,1,TX06020319
6,213,1,0,1,TX06351186
6,214,1,0,1,TX06362373
6,215,1,0,1,TX06039791
6,216,1,0,1,TX06168666
6,217,1,0,1,TX06020195
6,218,1,0,1,TX06281812
6,219,1,0,1,TX06362415
6,220,1,0,1,TX06039537
6,221,1,0,1,TX06351212
6,222,1,0,1,TX05985135
6,223,1,0,1,TX06116903
6,224,1,0,1,TX06039460
6,225,1,0,1,TX06296629
6,226,1,0,1,TX06281776
6,227,1,0,1,TX06201661
6,228,1,0,1,TX05980737
6,229,1,0,1,TX05980425
6,230,1,0,1,TX05981990
6,231,1,0,1,TX05987221
6,232,1,0,1,TX06283786
6,233,1,0,1,TX06040580
6,234,1,0,1,TX05988264
6,235,1,0,1,TX06202670
6,236,1,0,1,TX06065070
6,237,1,0,1,TX06296634
6,238,1,0,1,TX06039777
6,239,1,0,1,TX06351178
6,240,1,0,1,TX06259925
6,241,1,0,1,TX06039470
6,242,1,0,1,TX06282118
6,243,1,0,1,TX06281832
6,244,1,0,1,TX06020167
6,245,1,0,1,TX06020323
6,246,1,0,1,TX06201076
6,247,1,0,1,TX06362347
6,248,1,0,1,TX06116754
6,249,1,0,1,TX05984911
6,250,1,0,1,TX06362339
6,251,1,0,1,TX06019709
6,252,1,0,1,TX06362345
6,253,1,0,1,TX06167294
6,254,1,0,1,TX06272927
6,255,1,0,1,TX06296103
6,256,1,0,1,TX06351058
6,257,1,0,1,TX06019713
6,258,1,0,1,TX05982381
6,259,1,0,1,TX06362341
6,260,1,0,1,TX06362403
6,261,1,0,1,TX06272981
6,262,1,0,1,TX06351238
6,263,1,0,1,TX05988254
6,264,1,0,1,TX06117984
6,265,1,0,1,TX06296196
6,266,1,0,1,TX06008689
6,267,1,0,1,TX06260575
6,268,1,0,1,TX06008818
6,269,1,0,1,TX06201470
6,270,1,0,1,TX06259281
6,271,1,0,1,TX06281800
6,272,1,0,1,TX06362401
6,273,1,0,1,TX06201469
6,274,1,0,1,TX06202693
6,275,1,0,1,TX06201210
6,276,1,0,1,TX06065305
6,277,1,0,1,TX06282441
6,278,1,0,1,TX06202457
6,279,1,0,1,TX06362393
6,280,1,0,1,TX06065214
6,281,1,0,1,TX06020041
6,282,1,0,1,TX06260425
6,283,1,0,1,TX06362371
6,284,1,0,1,TX06118419
6,285,1,0,1,TX06039793
6,286,1,0,1,TX06259933
6,287,1,0,1,TX06008691
6,288,1,0,1,TX05987976
6,289,1,0,1,TX06296761
6,290,1,0,1,TX06117977
6,291,1,0,1,TX06008768
6,292,1,0,1,TX06020165
6,293,1,0,1,TX06019711
6,294,1,0,1,TX06065313
6,295,1,0,1,TX06020353
6,296,1,0,1,TX06351144
6,297,1,0,1,TX05989993
6,298,1,0,1,TX06039809
6,299,1,0,1,TX06065295
6,300,1,0,1,TX06008705
6,301,1,0,1,TX06259817
6,302,1,0,1,TX05989246
6,303,1,0,1,TX06351062
6,304,1,0,1,TX06201415
6,305,1,0,1,TX06064662
6,306,1,0,1,TX06259947
6,307,1,0,1,TX06259971
6,308,1,0,1,TX06351150
6,309,1,0,1,TX06064090
6,310,1,0,1,TX06039444
6,311,1,0,1,TX06259953
6,312,1,0,1,TX06040166
6,313,1,0,1,TX06040238
6,314,1,0,1,TX06296740
6,315,1,0,1,TX06259116
6,316,1,0,1,TX06019717
6,317,1,0,1,TX05987653
6,318,1,0,1,TX06296679
6,319,1,0,1,TX06362377
6,320,1,0,1,TX05987929
6,321,1,0,1,TX05981183
6,322,1,0,1,TX05981197
6,323,1,0,1,TX06064981
6,324,1,0,1,TX06019899
6,325,1,0,1,TX06201286
6,326,1,0,1,TX06296580
6,327,1,0,1,TX05987536
6,328,1,0,1,TX06064909
6,329,1,0,1,TX06281570
6,330,1,0,1,TX06019721
6,331,1,0,1,TX06008417
6,332,1,0,1,TX06117850
6,333,1,0,1,TX06201756
6,334,1,0,1,TX06259434
6,335,1,0,1,TX06168490
6,336,1,0,1,TX06282948
6,337,1,0,1,TX05988258
6,338,1,0,1,TX06168664
6,339,1,0,1,TX06118168
6,340,1,0,1,TX06259870
6,341,1,0,1,TX06168488
6,342,1,0,1,TX06168492
6,343,1,0,1,TX06272943
6,344,1,0,1,TX06201654
6,345,1,0,1,TX06039446
6,346,1,0,1,TX06281786
6,347,1,0,1,TX06019719
6,348,1,0,1,TX06064277
6,349,1,0,1,TX06296509
6,350,1,0,1,TX06167523
6,351,1,0,1,TX05984882
6,352,1,0,1,TX06272957
6,353,1,0,1,TX06201834
6,354,1,0,1,TX06296245
6,355,1,0,1,TX06272961
6,356,1,0,1,TX06008423
6,357,1,0,1,TX06351068
6,358,1,0,1,TX06064468
6,359,1,0,1,TX06064282
6,360,1,0,1,TX06259034
6,361,1,0,1,TX06167461
6,362,1,0,1,TX05983684
6,363,1,0,1,TX06201140
6,364,1,0,1,TX06117032
6,365,1,0,1,TX06116596
6,366,1,0,1,TX06272959
6,367,1,0,1,TX05981436
6,368,1,0,1,TX06166980
6,369,1,0,1,TX06200971
6,370,1,0,1,TX06064994
6,371,1,0,1,TX06351215
6,372,1,0,1,TX06166753
6,373,1,0,1,TX06115664
6,374,1,0,1,TX06347064
6,375,1,0,1,TX06040737
6,376,1,0,1,TX06065319
6,377,1,0,1,TX06301202
6,378,1,0,1,TX05974061
6,379,1,0,1,TX06349691
6,380,1,0,1,TX06300611
6,381,1,0,1,TX06020240
6,382,1,0,1,TX06168688
6,383,1,0,1,TX06282132
6,384,1,0,1,TX06039870
6,385,1,0,1,TX06273113
6,386,1,0,1,TX06202239
6,387,1,0,1,TX06296099
6,388,1,0,1,TX06203497
6,389,1,0,1,TX06065321
6,390,1,0,1,TX06065317
6,391,1,0,1,TX06203779
6,392,1,0,1,TX06296757
6,393,1,0,1,TX06040731
6,394,1,0,1,TX06260212
6,395,1,0,1,TX05989789
6,396,1,0,1,TX06040605
6,397,1,0,1,TX06039795
6,398,1,0,1,TX06202034
6,399,1,0,1,TX06008709
6,400,1,0,1,TX06298150
6,401,1,0,1,TX06281804
6,402,1,0,1,TX06296681
6,403,1,0,1,TX06064513
6,404,1,0,1,TX06351127
6,405,1,0,1,TX05990195
6,406,1,0,1,TX06353028
6,407,1,0,1,TX06168656
6,408,1,0,1,TX06118436
6,409,1,0,1,TX06168668
6,410,1,0,1,TX05988010
6,411,1,0,1,TX06201904
6,412,1,0,1,TX06201998
6,413,1,0,1,TX06064987
6,414,1,0,1,TX06201734
6,415,1,0,1,TX06260574
6,416,1,0,1,TX06202791
6,417,1,0,1,TX06273169
6,418,1,0,1,TX06203238
6,419,1,0,1,TX06300632
6,420,1,0,1,TX06362441
6,421,1,0,1,TX06020277
6,422,1,0,1,TX06362417
6,423,1,0,1,TX06204584
6,424,1,0,1,TX06272971
6,425,1,0,1,TX06118812
6,426,1,0,1,TX06260055
6,427,1,0,1,TX06201890
6,428,1,0,1,TX06202697
6,429,1,0,1,TX06118804
6,430,1,0,1,TX06118183
6,431,1,0,1,TX06040022
6,432,1,0,1,TX06351196
6,433,1,0,1,TX06200944
6,434,1,0,1,TX05990048
6,435,1,0,1,TX06351064
6,436,1,0,1,TX06273143
6,437,1,0,1,TX06168662
6,438,1,0,1,TX06201876
6,439,1,0,1,TX06362405
6,440,1,0,1,TX06008477
6,441,1,0,1,TX06065289
6,442,1,0,1,TX06020282
6,443,1,0,1,TX06117952
6,444,1,0,1,TX06118261
6,445,1,0,1,TX06039450
6,446,1,0,1,TX06362391
6,447,1,0,1,TX06019725
6,448,1,0,1,TX06281780
6,449,1,0,1,TX05987909
6,450,1,0,1,TX06202843
6,451,1,0,1,TX06281796
6,452,1,0,1,TX06008483
6,453,1,0,1,TX06281820
6,454,1,0,1,TX06201458
6,455,1,0,1,TX06296368
6,456,1,0,1,TX05987212
6,457,1,0,1,TX06118818
6,458,1,1,2,TX05989530
6,459,1,0,1,TX05990450
6,460,1,0,1,TX06298445
6,461,1,0,1,TX06300207
6,462,1,0,1,TX06281499
6,463,1,0,1,TX05981603
6,464,1,0,1,TX06351060
6,465,1,0,1,TX06259915
6,466,1,0,1,TX06008431
6,467,1,0,1,TX06259868
6,468,1,0,1,TX05987516
6,469,1,0,1,TX06201186
6,470,1,0,1,TX05982733
6,471,1,0,1,TX05986484
6,472,1,0,1,TX06259032
6,473,1,0,1,TX05981967
6,474,1,0,1,TX05986470
6,475,1,0,1,TX06168676
6,476,1,0,1,TX06167694
6,477,1,0,1,TX05979465
6,478,1,0,1,TX05979830
6,479,1,0,1,TX06118832
12,0,1,0,1,TX05989367
12,1,1,0,1,TX06009078
12,2,1,0,1,TX06020321
12,3,1,0,1,TX06272967
12,4,1,0,1,TX06008683
12,5,1,0,1,TX06282922
12,6,1,0,1,TX06118810
12,7,1,0,1,TX06362435
12,8,1,0,1,TX06040075
12,9,1,0,1,TX06009347
12,10,1,0,1,TX06040598
12,11,1,0,1,TX06201879
12,12,1,0,1,TX06065202
12,13,1,0,1,TX06008693
12,14,1,0,1,TX06168670
12,15,1,0,1,TX05987983
12,16,1,0,1,TX06351198
12,17,1,0,1,TX06201898
12,18,1,0,1,TX06281828
12,19,1,0,1,TX06272975
12,20,1,0,1,TX06201863
12,21,1,0,1,TX06020100
12,22,1,0,1,TX06020089
12,23,1,0,1,TX06201740
12,24,1,0,1,TX06282670
12,25,1,0,1,TX06260460
12,26,1,0,1,TX06282986
12,27,1,0,1,TX06259977
12,28,1,0,1,TX06202691
12,29,1,0,1,TX06260464
12,30,1,0,1,TX06351250
12,31,1,0,1,TX06283290
12,32,1,0,1,TX06065315
12,33,1,0,1,TX06020349
12,34,1,0,1,TX06118055
12,35,1,0,1,TX06020327
12,36,1,0,1,TX06168674
12,37,1,0,1,TX06281790
12,38,1,0,1,TX06168704
12,39,1,0,1,TX06362421
12,40,1,0,1,TX06008877
12,41,1,0,1,TX06259931
12,42,1,0,1,TX06351189
12,43,1,0,1,TX06281818
12,44,1,0,1,TX06351167
12,45,1,0,1,TX06020273
12,46,1,0,1,TX06362367
12,47,1,0,1,TX05987903
12,48,1,0,1,TX06019903
12,49,1,0,1,TX06282180
12,50,1,0,1,TX06351083
12,51,1,0,1,TX06039462
12,52,1,0,1,TX06168700
12,53,1,0,1,TX06296667
12,54,1,0,1,TX06168708
12,55,1,0,1,TX06118820
12,56,1,0,1,TX06296619
12,57,1,0,1,TX06040184
12,58,1,0,1,TX06201830
12,59,1,0,1,TX06259949
12,60,1,0,1,TX06351146
12,61,1,0,1,TX06260944
12,62,1,0,1,TX06282223
12,63,1,0,1,TX06282379
12,64,1,0,1,TX06273118
12,65,1,0,1,TX05988203
12,66,1,0,1,TX06296759
12,67,1,0,1,TX06283522
12,68,1,0,1,TX06362429
12,69,1,0,1,TX05988632
12,70,1,0,1,TX06260351
12,71,1,0,1,TX06118814
12,72,1,0,1,TX05988790
12,73,1,0,1,TX06260268
12,74,1,0,1,TX06362427
12,75,1,0,1,TX06020335
12,76,1,0,1,TX05988937
12,77,1,0,1,TX06283176
12,78,1,0,1,TX06282399
12,79,1,0,1,TX05989583
12,80,1,0,1,TX06259935
12,81,1,0,1,TX06039799
12,82,1,0,1,TX06201882
12,83,1,0,1,TX06009123
12,84,1,0,1,TX06281830
12,85,1,0,1,TX06259973
12,86,1,1,2,TX05988250
12,87,1,0,1,TX06040210
12,88,1,0,1,TX06020307
12,89,1,0,1,TX06281806
12,90,1,0,1,TX06020309
12,91,1,0,1,TX06168660
12,92,1,0,1,TX06118180
12,93,1,0,1,TX06259945
12,94,1,0,1,TX06259941
12,95,1,0,1,TX06259969
12,96,1,0,1,TX06351230
12,97,1,0,1,TX06168686
12,98,1,0,1,TX06008805
12,99,1,0,1,TX06039994
12,100,1,0,1,TX06040600
12,101,1,0,1,TX06117877
12,102,1,0,1,TX06168684
12,103,1,0,1,TX06362399
12,104,1,0,1,TX06351228
12,105,1,0,1,TX06351208
12,106,1,0,1,TX06202042
12,107,1,0,1,TX05988238
12,108,1,0,1,TX06362381
12,109,1,0,1,TX05988537
12,110,1,1,2,TX06260124
12,111,1,0,1,TX06260821
12,112,1,0,1,TX06168706
12,113,1,0,1,TX06282821
12,114,1,0,1,TX06282960
12,115,1,0,1,TX06362423
12,116,1,0,1,TX06040652
12,117,1,0,1,TX05987931
12,118,1,0,1,TX06020171
12,119,1,0,1,TX06281808
12,120,1,0,1,TX06272983
12,121,1,0,1,TX05987937
12,122,1,0,1,TX06118584
12,123,1,0,1,TX06351206
12,124,1,0,1,TX06117974
12,125,1,0,1,TX06362379
12,126,1,0,1,TX06020339
12,127,1,0,1,TX06008744
12,128,1,0,1,TX06040480
12,129,1,0,1,TX06201838
12,130,1,0,1,TX06064983
12,131,1,0,1,TX06064989
12,132,1,0,1,TX06039815
12,133,1,0,1,TX05988234
12,134,1,0,1,TX06259939
12,135,1,0,1,TX06064997
12,136,1,0,1,TX06168692
12,137,1,0,1,TX06020228
12,138,1,0,1,TX06008497
12,139,1,0,1,TX06118296
12,140,1,0,1,TX06008687
12,141,1,0,1,TX06282966
12,142,1,0,1,TX06362431
12,143,1,0,1,TX06065299
12,144,1,0,1,TX06118144
12,145,1,0,1,TX06201900
12,146,1,0,1,TX06020325
12,147,1,0,1,TX06020315
12,148,1,0,1,TX06040733
12,149,1,0,1,TX06020355
12,150,1,0,1,TX06296661
12,151,1,0,1,TX06201707
12,152,1,0,1,TX06351183
12,153,1,0,1,TX06283013
12,154,1,0,1,TX06283553
12,155,1,0,1,TX06168710
12,156,1,0,1,TX06351244
12,157,1,0,1,TX06260297
12,158,1,0,1,TX06281861
12,159,1,0,1,TX05988543
12,160,1,0,1,TX06351096
12,161,1,0,1,TX05987911
12,162,1,0,1,TX06351234
12,163,1,0,1,TX06040343
12,164,1,0,1,TX06296686
12,165,1,0,1,TX05988021
12,166,1,0,1,TX06351194
12,167,1,0,1,TX06064999
12,168,1,0,1,TX06259917
12,169,1,0,1,TX06281788
12,170,1,0,1,TX06296627
12,171,1,0,1,TX06039466
12,172,1,0,1,TX05987915
12,173,1,0,1,TX06282938
12,174,1,0,1,TX06168502
12,175,1,0,1,TX06168510
12,176,1,0,1,TX06202683
12,177,1,0,1,TX06362397
12,178,1,0,1,TX06167393
12,179,1,0,1,TX06117069
12,180,1,0,1,TX06008447
12,181,1,0,1,TX05982319
12,182,1,0,1,TX06117676
12,183,1,0,1,TX06260790
12,184,1,0,1,TX06273157
12,185,1,0,1,TX06040729
12,186,1,0,1,TX06281822
12,187,1,0,1,TX06039801
12,188,1,0,1,TX06065271
12,189,1,0,1,TX05987956
12,190,1,0,1,TX06362357
12,191,1,0,1,TX06260336
12,192,1,0,1,TX06168702
12,193,1,0,1,TX06040008
12,194,1,0,1,TX06008707
12,195,1,0,1,TX06259975
12,196,1,0,1,TX06259963
12,197,1,0,1,TX06020215
12,198,1,0,1,TX06201645
12,199,1,0,1,TX06167267
12,200,1,0,1,TX05988342
12,201,1,0,1,TX05989567
12,202,1,0,1,TX06273161
12,203,1,0,1,TX06282969
12,204,1,0,1,TX05988684
12,205,1,0,1,TX06202904
12,206,1,0,1,TX06118806
12,207,1,0,1,TX06362425
12,208,1,0,1,TX06009149
12,209,1,0,1,TX06281798
12,210,1,0,1,TX06362389
12,211,1,0,1,TX06351200
12,212,1,0,1,TX06020319
12,213,1,0,1,TX06351186
12,214,1,0,1,TX06362373
12,215,1,0,1,TX06039791
12,216,1,0,1,TX06168666
12,217,1,0,1,TX06020195
12,218,1,0,1,TX06281812
12,219,1,0,1,TX06362415
12,220,1,0,1,TX06039537
12,221,1,0,1,TX06351212
12,222,1,0,1,TX05985135
12,223,1,0,1,TX06116903
12,224,1,0,1,TX06039460
12,225,1,0,1,TX06296629
12,226,1,0,1,TX06281776
12,227,1,0,1,TX06201661
12,228,1,0,1,TX05980737
12,229,1,0,1,TX05980425
12,230,1,0,1,TX05981990
12,231,1,0,1,TX05987221
12,232,1,0,1,TX06283786
12,233,1,0,1,TX06040580
12,234,1,0,1,TX05988264
12,235,1,0,1,TX06202670
12,236,1,0,1,TX06065070
12,237,1,0,1,TX06296634
12,238,1,0,1,TX06039777
12,239,1,0,1,TX06351178
12,240,1,0,1,TX06259925
12,241,1,0,1,TX06039470
12,242,1,0,1,TX06282118
12,243,1,0,1,TX06281832
12,244,1,0,1,TX06020167
12,245,1,0,1,TX06020323
12,246,1,0,1,TX06201076
12,247,1,0,1,TX06362347
12,248,1,0,1,TX06116754
12,249,1,0,1,TX05984911
12,250,1,0,1,TX06362339
12,251,1,0,1,TX06019709
12,252,1,0,1,TX06362345
12,253,1,0,1,TX06167294
12,254,1,0,1,TX06272927
12,255,1,0,1,TX06296103
12,256,1,0,1,TX06351058
12,257,1,0,1,TX06019713
12,258,1,0,1,TX05982381
12,259,1,0,1,TX06362341
12,260,1,0,1,TX06362403
12,261,1,0,1,TX06272981
12,262,1,0,1,TX06351238
12,263,1,0,1,TX05988254
12,264,1,0,1,TX06117984
12,265,1,0,1,TX06296196
12,266,1,0,1,TX06008689
12,267,1,0,1,TX06260575
12,268,1,0,1,TX06008818
12,269,1,0,1,TX06201470
12,270,1,0,1,TX06259281
12,271,1,0,1,TX06281800
12,272,1,0,1,TX06362401
12,273,1,0,1,TX06201469
12,274,1,0,1,TX06202693
12,275,1,0,1,TX06201210
12,276,1,0,1,TX06065305
12,277,1,0,1,TX06282441
12,278,1,0,1,TX06202457
12,279,1,0,1,TX06362393
12,280,1,0,1,TX06065214
12,281,1,0,1,TX06020041
12,282,1,0,1,TX06260425
12,283,1,0,1,TX06362371
12,284,1,0,1,TX06118419
12,285,1,0,1,TX06039793
12,286,1,0,1,TX06259933
12,287,1,0,1,TX06008691
12,288,1,0,1,TX05987976
12,289,1,0,1,TX06296761
12,290,1,0,1,TX06117977
12,291,1,0,1,TX06008768
12,292,1,0,1,TX06020165
12,293,1,0,1,TX06019711
12,294,1,0,1,TX06065313
12,295,1,0,1,TX06020353
12,296,1,0,1,TX06351144
12,297,1,0,1,TX05989993
12,298,1,0,1,TX06039809
12,299,1,0,1,TX06065295
12,300,1,0,1,TX06008705
12,301,1,0,1,TX06259817
12,302,1,0,1,TX05989246
12,303,1,0,1,TX06351062
12,304,1,0,1,TX06201415
12,305,1,0,1,TX06064662
12,306,1,0,1,TX06259947
12,307,1,0,1,TX06259971
12,308,1,0,1,TX06351150
12,309,1,1,2,TX06064090
12,310,1,0,1,TX06039444
12,311,1,0,1,TX06259953
12,312,1,0,1,TX06040166
12,313,1,0,1,TX06040238
12,314,1,1,2,TX06296740
12,315,1,0,1,TX06259116
12,316,1,0,1,TX06019717
12,317,1,0,1,TX05987653
12,318,1,0,1,TX06296679
12,319,1,0,1,TX06362377
12,320,1,0,1,TX05987929
12,321,1,0,1,TX05981183
12,322,1,0,1,TX05981197
12,323,1,0,1,TX06064981
12,324,1,0,1,TX06019899
12,325,1,0,1,TX06201286
12,326,1,0,1,TX06296580
12,327,1,0,1,TX05987536
12,328,1,0,1,TX06064909
12,329,1,0,1,TX06281570
12,330,1,0,1,TX06019721
12,331,1,0,1,TX06008417
12,332,1,0,1,TX06117850
12,333,1,0,1,TX06201756
12,334,1,0,1,TX06259434
12,335,1,0,1,TX06168490
12,336,1,0,1,TX06282948
12,337,1,0,1,TX05988258
12,338,1,0,1,TX06168664
12,339,1,0,1,TX06118168
12,340,1,0,1,TX06259870
12,341,1,0,1,TX06168488
12,342,1,0,1,TX06168492
12,343,1,0,1,TX06272943
12,344,1,0,1,TX06201654
12,345,1,0,1,TX06039446
12,346,1,0,1,TX06281786
12,347,1,0,1,TX06019719
12,348,1,0,1,TX06064277
12,349,1,0,1,TX06296509
12,350,1,0,1,TX06167523
12,351,1,0,1,TX05984882
12,352,1,0,1,TX06272957
12,353,1,0,1,TX06201834
12,354,1,0,1,TX06296245
12,355,1,0,1,TX06272961
12,356,1,0,1,TX06008423
12,357,1,0,1,TX06351068
12,358,1,0,1,TX06064468
12,359,1,0,1,TX06064282
12,360,1,0,1,TX06259034
12,361,1,0,1,TX06167461
12,362,1,0,1,TX05983684
12,363,1,0,1,TX06201140
12,364,1,0,1,TX06117032
12,365,1,0,1,TX06116596
12,366,1,0,1,TX06272959
12,367,1,0,1,TX05981436
12,368,1,0,1,TX06166980
12,369,1,0,1,TX06200971
12,370,1,0,1,TX06064994
12,371,1,0,1,TX06351215
12,372,1,0,1,TX06166753
12,373,1,0,1,TX06115664
12,374,1,0,1,TX06347064
12,375,1,0,1,TX06040737
12,376,1,0,1,TX06065319
12,377,1,0,1,TX06301202
12,378,1,0,1,TX05974061
12,379,1,0,1,TX06349691
12,380,1,0,1,TX06300611
12,381,1,0,1,TX06020240
12,382,1,0,1,TX06168688
12,383,1,0,1,TX06282132
12,384,1,0,1,TX06039870
12,385,1,0,1,TX06273113
12,386,1,0,1,TX06202239
12,387,1,0,1,TX06296099
12,388,1,0,1,TX06203497
12,389,1,0,1,TX06065321
12,390,1,0,1,TX06065317
12,391,1,0,1,TX06203779
12,392,1,0,1,TX06296757
12,393,1,0,1,TX06040731
12,394,1,0,1,TX06260212
12,395,1,0,1,TX05989789
12,396,1,0,1,TX06040605
12,397,1,0,1,TX06039795
12,398,1,0,1,TX06202034
12,399,1,0,1,TX06008709
12,400,1,0,1,TX06298150
12,401,1,0,1,TX06281804
12,402,1,0,1,TX06296681
12,403,1,0,1,TX06064513
12,404,1,0,1,TX06351127
12,405,1,0,1,TX05990195
12,406,1,0,1,TX06353028
12,407,1,0,1,TX06168656
12,408,1,0,1,TX06118436
12,409,1,0,1,TX06168668
12,410,1,0,1,TX05988010
12,411,1,0,1,TX06201904
12,412,1,0,1,TX06201998
12,413,1,0,1,TX06064987
12,414,1,0,1,TX06201734
12,415,1,0,1,TX06260574
12,416,1,0,1,TX06202791
12,417,1,0,1,TX06273169
12,418,1,0,1,TX06203238
12,419,1,0,1,TX06300632
12,420,1,0,1,TX06362441
12,421,1,0,1,TX06020277
12,422,1,0,1,TX06362417
12,423,1,0,1,TX06204584
12,424,1,0,1,TX06272971
12,425,1,0,1,TX06118812
12,426,1,0,1,TX06260055
12,427,1,0,1,TX06201890
12,428,1,0,1,TX06202697
12,429,1,0,1,TX06118804
12,430,1,0,1,TX06118183
12,431,1,0,1,TX06040022
12,432,1,0,1,TX06351196
12,433,1,0,1,TX06200944
12,434,1,0,1,TX05990048
12,435,1,0,1,TX06351064
12,436,1,0,1,TX06273143
12,437,1,0,1,TX06168662
12,438,1,0,1,TX06201876
12,439,1,0,1,TX06362405
12,440,1,0,1,TX06008477
12,441,1,0,1,TX06065289
12,442,1,0,1,TX06020282
12,443,1,0,1,TX06117952
12,444,1,0,1,TX06118261
12,445,1,0,1,TX06039450
12,446,1,0,1,TX06362391
12,447,1,0,1,TX06019725
12,448,1,0,1,TX06281780
12,449,1,0,1,TX05987909
12,450,1,0,1,TX06202843
12,451,1,0,1,TX06281796
12,452,1,0,1,TX06008483
12,453,1,0,1,TX06281820
12,454,1,0,1,TX06201458
12,455,1,0,1,TX06296368
12,456,1,0,1,TX05987212
12,457,1,0,1,TX06118818
12,458,1,1,2,TX05989530
12,459,1,0,1,TX05990450
12,460,1,0,1,TX06298445
12,461,1,0,1,TX06300207
12,462,1,0,1,TX06281499
12,463,1,0,1,TX05981603
12,464,1,0,1,TX06351060
12,465,1,0,1,TX06259915
12,466,1,0,1,TX06008431
12,467,1,0,1,TX06259868
12,468,1,0,1,TX05987516
12,469,1,0,1,TX06201186
12,470,1,0,1,TX05982733
12,471,1,0,1,TX05986484
12,472,1,0,1,TX06259032
12,473,1,0,1,TX05981967
12,474,1,0,1,TX05986470
12,475,1,0,1,TX06168676
12,476,1,0,1,TX06167694
12,477,1,0,1,TX05979465
12,478,1,0,1,TX05979830
12,479,1,0,1,TX06118832
24,0,1,0,1,TX05989367
24,1,1,0,1,TX06009078
24,2,1,0,1,TX06020321
24,3,1,0,1,TX06272967
24,4,1,0,1,TX06008683
24,5,1,0,1,TX06282922
24,6,1,0,1,TX06118810
24,7,1,0,1,TX06362435
24,8,1,0,1,TX06040075
24,9,1,0,1,TX06009347
24,10,1,0,1,TX06040598
24,11,1,0,1,TX06201879
24,12,1,0,1,TX06065202
24,13,1,0,1,TX06008693
24,14,1,0,1,TX06168670
24,15,1,0,1,TX05987983
24,16,1,0,1,TX06351198
24,17,1,0,1,TX06201898
24,18,1,0,1,TX06281828
24,19,1,0,1,TX06272975
24,20,1,0,1,TX06201863
24,21,1,0,1,TX06020100
24,22,1,0,1,TX06020089
24,23,1,0,1,TX06201740
24,24,1,0,1,TX06282670
24,25,1,0,1,TX06260460
24,26,1,0,1,TX06282986
24,27,1,0,1,TX06259977
24,28,1,0,1,TX06202691
24,29,1,0,1,TX06260464
24,30,1,0,1,TX06351250
24,31,1,0,1,TX06283290
24,32,1,0,1,TX06065315
24,33,1,0,1,TX06020349
24,34,1,0,1,TX06118055
24,35,1,0,1,TX06020327
24,36,1,0,1,TX06168674
24,37,1,0,1,TX06281790
24,38,1,0,1,TX06168704
24,39,1,0,1,TX06362421
24,40,1,0,1,TX06008877
24,41,1,0,1,TX06259931
24,42,1,0,1,TX06351189
24,43,1,0,1,TX06281818
24,44,1,0,1,TX06351167
24,45,1,0,1,TX06020273
24,46,1,0,1,TX06362367
24,47,1,0,1,TX05987903
24,48,1,0,1,TX06019903
24,49,1,0,1,TX06282180
24,50,1,0,1,TX06351083
24,51,1,0,1,TX06039462
24,52,1,0,1,TX06168700
24,53,1,0,1,TX06296667
24,54,1,0,1,TX06168708
24,55,1,0,1,TX06118820
24,56,1,0,1,TX06296619
24,57,1,0,1,TX06040184
24,58,1,0,1,TX06201830
24,59,1,0,1,TX06259949
24,60,1,0,1,TX06351146
24,61,1,0,1,TX06260944
24,62,1,0,1,TX06282223
24,63,1,0,1,TX06282379
24,64,1,0,1,TX06273118
24,65,1,0,1,TX05988203
24,66,1,0,1,TX06296759
24,67,1,0,1,TX06283522
24,68,1,0,1,TX06362429
24,69,1,0,1,TX05988632
24,70,1,0,1,TX06260351
24,71,1,0,1,TX06118814
24,72,1,0,1,TX05988790
24,73,1,0,1,TX06260268
24,74,1,0,1,TX06362427
24,75,1,0,1,TX06020335
24,76,1,0,1,TX05988937
24,77,1,0,1,TX06283176
24,78,1,0,1,TX06282399
24,79,1,0,1,TX05989583
24,80,1,0,1,TX06259935
24,81,1,0,1,TX06039799
24,82,1,0,1,TX06201882
24,83,1,0,1,TX06009123
24,84,1,0,1,TX06281830
24,85,1,0,1,TX06259973
24,86,1,1,2,TX05988250
24,87,1,0,1,TX06040210
24,88,1,0,1,TX06020307
24,89,1,0,1,TX06281806
24,90,1,0,1,TX06020309
24,91,1,0,1,TX06168660
24,92,1,0,1,TX06118180
24,93,1,0,1,TX06259945
24,94,1,0,1,TX06259941
24,95,1,0,1,TX06259969
24,96,1,0,1,TX06351230
24,97,1,0,1,TX06168686
24,98,1,0,1,TX06008805
24,99,1,0,1,TX06039994
24,100,1,0,1,TX06040600
24,101,1,0,1,TX06117877
24,102,1,0,1,TX06168684
24,103,1,0,1,TX06362399
24,104,1,0,1,TX06351228
24,105,1,0,1,TX06351208
24,106,1,0,1,TX06202042
24,107,1,0,1,TX05988238
24,108,1,0,1,TX06362381
24,109,1,0,1,TX05988537
24,110,1,1,2,TX06260124
24,111,1,0,1,TX06260821
24,112,1,0,1,TX06168706
24,113,1,0,1,TX06282821
24,114,1,0,1,TX06282960
24,115,1,0,1,TX06362423
24,116,1,0,1,TX06040652
24,117,1,0,1,TX05987931
24,118,1,0,1,TX06020171
24,119,1,0,1,TX06281808
24,120,1,0,1,TX06272983
24,121,1,0,1,TX05987937
24,122,1,0,1,TX06118584
24,123,1,0,1,TX06351206
24,124,1,0,1,TX06117974
24,125,1,0,1,TX06362379
24,126,1,0,1,TX06020339
24,127,1,0,1,TX06008744
24,128,1,0,1,TX06040480
24,129,1,0,1,TX06201838
24,130,1,0,1,TX06064983
24,131,1,0,1,TX06064989
24,132,1,0,1,TX06039815
24,133,1,0,1,TX05988234
24,134,1,0,1,TX06259939
24,135,1,0,1,TX06064997
24,136,1,0,1,TX06168692
24,137,1,0,1,TX06020228
24,138,1,0,1,TX06008497
24,139,1,0,1,TX06118296
24,140,1,0,1,TX06008687
24,141,1,0,1,TX06282966
24,142,1,0,1,TX06362431
24,143,1,0,1,TX06065299
24,144,1,0,1,TX06118144
24,145,1,0,1,TX06201900
24,146,1,0,1,TX06020325
24,147,1,0,1,TX06020315
24,148,1,0,1,TX06040733
24,149,1,0,1,TX06020355
24,150,1,0,1,TX06296661
24,151,1,0,1,TX06201707
24,152,1,1,2,TX06351183
24,153,1,0,1,TX06283013
24,154,1,0,1,TX06283553
24,155,1,0,1,TX06168710
24,156,1,0,1,TX06351244
24,157,1,0,1,TX06260297
24,158,1,0,1,TX06281861
24,159,1,0,1,TX05988543
24,160,1,0,1,TX06351096
24,161,1,0,1,TX05987911
24,162,1,0,1,TX06351234
24,163,1,0,1,TX06040343
24,164,1,0,1,TX06296686
24,165,1,0,1,TX05988021
24,166,1,0,1,TX06351194
24,167,1,0,1,TX06064999
24,168,1,0,1,TX06259917
24,169,1,0,1,TX06281788
24,170,1,0,1,TX06296627
24,171,1,0,1,TX06039466
24,172,1,0,1,TX05987915
24,173,1,0,1,TX06282938
24,174,1,0,1,TX06168502
24,175,1,0,1,TX06168510
24,176,1,0,1,TX06202683
24,177,1,0,1,TX06362397
24,178,1,1,2,TX06167393
24,179,1,0,1,TX06117069
24,180,1,0,1,TX06008447
24,181,1,0,1,TX05982319
24,182,1,0,1,TX06117676
24,183,1,0,1,TX06260790
24,184,1,0,1,TX06273157
24,185,1,0,1,TX06040729
24,186,1,0,1,TX06281822
24,187,1,0,1,TX06039801
24,188,1,0,1,TX06065271
24,189,1,0,1,TX05987956
24,190,1,0,1,TX06362357
24,191,1,0,1,TX06260336
24,192,1,0,1,TX06168702
24,193,1,0,1,TX06040008
24,194,1,0,1,TX06008707
24,195,1,0,1,TX06259975
24,196,1,0,1,TX06259963
24,197,1,0,1,TX06020215
24,198,1,0,1,TX06201645
24,199,1,0,1,TX06167267
24,200,1,0,1,TX05988342
24,201,1,0,1,TX05989567
24,202,1,0,1,TX06273161
24,203,1,0,1,TX06282969
24,204,1,0,1,TX05988684
24,205,1,0,1,TX06202904
24,206,1,0,1,TX06118806
24,207,1,0,1,TX06362425
24,208,1,0,1,TX06009149
24,209,1,0,1,TX06281798
24,210,1,0,1,TX06362389
24,211,1,0,1,TX06351200
24,212,1,0,1,TX06020319
24,213,1,0,1,TX06351186
24,214,1,0,1,TX06362373
24,215,1,0,1,TX06039791
24,216,1,0,1,TX06168666
24,217,1,0,1,TX06020195
24,218,1,0,1,TX06281812
24,219,1,0,1,TX06362415
24,220,1,0,1,TX06039537
24,221,1,0,1,TX06351212
24,222,1,0,1,TX05985135
24,223,1,0,1,TX06116903
24,224,1,0,1,TX06039460
24,225,1,0,1,TX06296629
24,226,1,0,1,TX06281776
24,227,1,0,1,TX06201661
24,228,1,0,1,TX05980737
24,229,1,0,1,TX05980425
24,230,1,0,1,TX05981990
24,231,1,0,1,TX05987221
24,232,1,0,1,TX06283786
24,233,1,0,1,TX06040580
24,234,1,0,1,TX05988264
24,235,1,0,1,TX06202670
24,236,1,0,1,TX06065070
24,237,1,0,1,TX06296634
24,238,1,0,1,TX06039777
24,239,1,0,1,TX06351178
24,240,1,0,1,TX06259925
24,241,1,0,1,TX06039470
24,242,1,0,1,TX06282118
24,243,1,0,1,TX06281832
24,244,1,0,1,TX06020167
24,245,1,0,1,TX06020323
24,246,1,0,1,TX06201076
24,247,1,0,1,TX06362347
24,248,1,0,1,TX06116754
24,249,1,0,1,TX05984911
24,250,1,0,1,TX06362339
24,251,1,0,1,TX06019709
24,252,1,0,1,TX06362345
24,253,1,0,1,TX06167294
24,254,1,0,1,TX06272927
24,255,1,0,1,TX06296103
24,256,1,0,1,TX06351058
24,257,1,0,1,TX06019713
24,258,1,1,2,TX05982381
24,259,1,0,1,TX06362341
24,260,1,0,1,TX06362403
24,261,1,0,1,TX06272981
24,262,1,0,1,TX06351238
24,263,1,0,1,TX05988254
24,264,1,0,1,TX06117984
24,265,1,0,1,TX06296196
24,266,1,0,1,TX06008689
24,267,1,0,1,TX06260575
24,268,1,0,1,TX06008818
24,269,1,0,1,TX06201470
24,270,1,0,1,TX06259281
24,271,1,0,1,TX06281800
24,272,1,0,1,TX06362401
24,273,1,0,1,TX06201469
24,274,1,0,1,TX06202693
24,275,1,0,1,TX06201210
24,276,1,0,1,TX06065305
24,277,1,0,1,TX06282441
24,278,1,0,1,TX06202457
24,279,1,0,1,TX06362393
24,280,1,0,1,TX06065214
24,281,1,0,1,TX06020041
24,282,1,0,1,TX06260425
24,283,1,0,1,TX06362371
24,284,1,0,1,TX06118419
24,285,1,0,1,TX06039793
24,286,1,0,1,TX06259933
24,287,1,0,1,TX06008691
24,288,1,0,1,TX05987976
24,289,1,0,1,TX06296761
24,290,1,0,1,TX06117977
24,291,1,0,1,TX06008768
24,292,1,0,1,TX06020165
24,293,1,0,1,TX06019711
24,294,1,0,1,TX06065313
24,295,1,0,1,TX06020353
24,296,1,0,1,TX06351144
24,297,1,0,1,TX05989993
24,298,1,0,1,TX06039809
24,299,1,0,1,TX06065295
24,300,1,0,1,TX06008705
24,301,1,0,1,TX06259817
24,302,1,0,1,TX05989246
24,303,1,0,1,TX06351062
24,304,1,0,1,TX06201415
24,305,1,0,1,TX06064662
24,306,1,0,1,TX06259947
24,307,1,0,1,TX06259971
24,308,1,0,1,TX06351150
24,309,1,1,2,TX06064090
24,310,1,0,1,TX06039444
24,311,1,0,1,TX06259953
24,312,1,0,1,TX06040166
24,313,1,0,1,TX06040238
24,314,1,1,2,TX06296740
24,315,1,0,1,TX06259116
24,316,1,0,1,TX06019717
24,317,1,0,1,TX05987653
24,318,1,0,1,TX06296679
24,319,1,0,1,TX06362377
24,320,1,0,1,TX05987929
24,321,1,0,1,TX05981183
24,322,1,0,1,TX05981197
24,323,1,0,1,TX06064981
24,324,1,0,1,TX06019899
24,325,1,0,1,TX06201286
24,326,1,0,1,TX06296580
24,327,1,0,1,TX05987536
24,328,1,0,1,TX06064909
24,329,1,0,1,TX06281570
24,330,1,0,1,TX06019721
24,331,1,0,1,TX06008417
24,332,1,0,1,TX06117850
24,333,1,0,1,TX06201756
24,334,1,0,1,TX06259434
24,335,1,0,1,TX06168490
24,336,1,0,1,TX06282948
24,337,1,0,1,TX05988258
24,338,1,0,1,TX06168664
24,339,1,0,1,TX06118168
24,340,1,0,1,TX06259870
24,341,1,0,1,TX06168488
24,342,1,0,1,TX06168492
24,343,1,0,1,TX06272943
24,344,1,0,1,TX06201654
24,345,1,0,1,TX06039446
24,346,1,0,1,TX06281786
24,347,1,0,1,TX06019719
24,348,1,0,1,TX06064277
24,349,1,0,1,TX06296509
24,350,1,0,1,TX06167523
24,351,1,0,1,TX05984882
24,352,1,0,1,TX06272957
24,353,1,0,1,TX06201834
24,354,1,0,1,TX06296245
24,355,1,0,1,TX06272961
24,356,1,0,1,TX06008423
24,357,1,0,1,TX06351068
24,358,1,0,1,TX06064468
24,359,1,0,1,TX06064282
24,360,1,0,1,TX06259034
24,361,1,0,1,TX06167461
24,362,1,0,1,TX05983684
24,363,1,1,2,TX06201140
24,364,1,0,1,TX06117032
24,365,1,1,2,TX06116596
24,366,1,0,1,TX06272959
24,367,1,0,1,TX05981436
24,368,1,0,1,TX06166980
24,369,1,0,1,TX06200971
24,370,1,0,1,TX06064994
24,371,1,0,1,TX06351215
24,372,1,0,1,TX06166753
24,373,1,0,1,TX06115664
24,374,1,0,1,TX06347064
24,375,1,0,1,TX06040737
24,376,1,0,1,TX06065319
24,377,1,0,1,TX06301202
24,378,1,0,1,TX05974061
24,379,1,0,1,TX06349691
24,380,1,0,1,TX06300611
24,381,1,0,1,TX06020240
24,382,1,0,1,TX06168688
24,383,1,0,1,TX06282132
24,384,1,0,1,TX06039870
24,385,1,0,1,TX06273113
24,386,1,0,1,TX06202239
24,387,1,0,1,TX06296099
24,388,1,0,1,TX06203497
24,389,1,0,1,TX06065321
24,390,1,0,1,TX06065317
24,391,1,0,1,TX06203779
24,392,1,0,1,TX06296757
24,393,1,0,1,TX06040731
24,394,1,0,1,TX06260212
24,395,1,0,1,TX05989789
24,396,1,0,1,TX06040605
24,397,1,0,1,TX06039795
24,398,1,0,1,TX06202034
24,399,1,0,1,TX06008709
24,400,1,0,1,TX06298150
24,401,1,0,1,TX06281804
24,402,1,0,1,TX06296681
24,403,1,0,1,TX06064513
24,404,1,0,1,TX06351127
24,405,1,0,1,TX05990195
24,406,1,0,1,TX06353028
24,407,1,1,2,TX06168656
24,408,1,0,1,TX06118436
24,409,1,0,1,TX06168668
24,410,1,0,1,TX05988010
24,411,1,0,1,TX06201904
24,412,1,0,1,TX06201998
24,413,1,0,1,TX06064987
24,414,1,0,1,TX06201734
24,415,1,0,1,TX06260574
24,416,1,0,1,TX06202791
24,417,1,0,1,TX06273169
24,418,1,0,1,TX06203238
24,419,1,0,1,TX06300632
24,420,1,0,1,TX06362441
24,421,1,0,1,TX06020277
24,422,1,0,1,TX06362417
24,423,1,0,1,TX06204584
24,424,1,0,1,TX06272971
24,425,1,0,1,TX06118812
24,426,1,0,1,TX06260055
24,427,1,0,1,TX06201890
24,428,1,0,1,TX06202697
24,429,1,0,1,TX06118804
24,430,1,0,1,TX06118183
24,431,1,0,1,TX06040022
24,432,1,0,1,TX06351196
24,433,1,0,1,TX06200944
24,434,1,0,1,TX05990048
24,435,1,0,1,TX06351064
24,436,1,0,1,TX06273143
24,437,1,0,1,TX06168662
24,438,1,0,1,TX06201876
24,439,1,0,1,TX06362405
24,440,1,0,1,TX06008477
24,441,1,0,1,TX06065289
24,442,1,0,1,TX06020282
24,443,1,0,1,TX06117952
24,444,1,0,1,TX06118261
24,445,1,0,1,TX06039450
24,446,1,0,1,TX06362391
24,447,1,0,1,TX06019725
24,448,1,0,1,TX06281780
24,449,1,0,1,TX05987909
24,450,1,0,1,TX06202843
24,451,1,0,1,TX06281796
24,452,1,0,1,TX06008483
24,453,1,0,1,TX06281820
24,454,1,0,1,TX06201458
24,455,1,0,1,TX06296368
24,456,1,0,1,TX05987212
24,457,1,0,1,TX06118818
24,458,1,1,2,TX05989530
24,459,1,0,1,TX05990450
24,460,1,0,1,TX06298445
24,461,1,0,1,TX06300207
24,462,1,0,1,TX06281499
24,463,1,0,1,TX05981603
24,464,1,0,1,TX06351060
24,465,1,0,1,TX06259915
24,466,1,0,1,TX06008431
24,467,1,0,1,TX06259868
24,468,1,0,1,TX05987516
24,469,1,0,1,TX06201186
24,470,1,0,1,TX05982733
24,471,1,0,1,TX05986484
24,472,1,0,1,TX06259032
24,473,1,0,1,TX05981967
24,474,1,0,1,TX05986470
24,475,1,0,1,TX06168676
24,476,1,0,1,TX06167694
24,477,1,0,1,TX05979465
24,478,1,0,1,TX05979830
24,479,1,0,1,TX06118832
