case_id,seed_count,evidence_transaction_count,context_transaction_count,unique_account_count,start_step,end_step,time_span_steps,total_transaction_amount,maximum_seed_suspicion_score,seed_transaction_ids,evidence_transaction_ids,finding
CF00001,1,1,0,2,416,416,0,102526.1,0.9918249241108988,TX05989367,TX05989367,A suspicious transaction was identified; additional evidence is required for further investigation.
CF00002,1,1,0,2,439,439,0,100840.93,0.991803353087973,TX06009078,TX06009078,A suspicious transaction was identified; additional evidence is required for further investigation.
CF00003,1,1,0,2,462,462,0,102464.68,0.991780407851962,TX06020321,TX06020321,A suspicious transaction was identified; additional evidence is required for further investigation.
CF00004,1,1,0,2,628,628,0,99165.12,0.991780407851962,TX06272967,TX06272967,A suspicious transaction was identified; additional evidence is required for further investigation.
CF00005,1,1,0,2,437,437,0,101392.92,0.991780407851962,TX06008683,TX06008683,A suspicious transaction was identified; additional evidence is required for further investigation.
CF00006,1,1,0,2,656,656,0,110528.53,0.9917794270858322,TX06282922,TX06282922,A suspicious transaction was identified; additional evidence is required for further investigation.
CF00007,1,1,0,2,536,536,0,116974.87,0.9917639060824875,TX06118810,TX06118810,A suspicious transaction was identified; additional evidence is required for further investigation.
CF00008,1,1,0,2,728,728,0,119143.75,0.9917639060824875,TX06362435,TX06362435,A suspicious transaction was identified; additional evidence is required for further investigation.
CF00009,1,1,0,2,487,487,0,109799.71,0.9917578560629065,TX06040075,TX06040075,A suspicious transaction was identified; additional evidence is required for further investigation.
CF00010,1,1,0,2,439,439,0,112656.24,0.9917423350595616,TX06009347,TX06009347,A suspicious transaction was identified; additional evidence is required for further investigation.
CF00011,1,1,0,2,487,487,0,119918.23,0.9917423350595616,TX06040598,TX06040598,A suspicious transaction was identified; additional evidence is required for further investigation.
CF00012,1,1,0,2,580,580,0,105861.07,0.9917349108268952,TX06201879,TX06201879,A suspicious transaction was identified; additional evidence is required for further investigation.
CF00013,1,1,0,2,509,509,0,120411.9,0.9917193898235506,TX06065202,TX06065202,A suspicious transaction was identified; additional evidence is required for further investigation.
CF00014,1,1,0,2,437,437,0,119041.12,0.9917193898235506,TX06008693,TX06008693,A suspicious transaction was identified; additional evidence is required for further investigation.
CF00015,1,1,0,2,557,557,0,111467.61,0.9917193898235506,TX06168670,TX06168670,A suspicious transaction was identified; additional evidence is required for further investigation.
CF00016,1,1,0,2,413,413,0,115085.31,0.9917193898235506,TX05987983,TX05987983,A suspicious transaction was identified; additional evidence is required for further investigation.
CF00017,1,1,0,2,700,700,0,113447.92,0.9917193898235506,TX06351198,TX06351198,A suspicious transaction was identified; additional evidence is required for further investigation.
CF00018,1,1,0,2,581,581,0,121142.75,0.9917193898235506,TX06201898,TX06201898,A suspicious transaction was identified; additional evidence is required for further investigation.
CF00019,1,1,0,2,654,654,0,114627.08,0.9917193898235506,TX06281828,TX06281828,A suspicious transaction was identified; additional evidence is required for further investigation.
CF00020,1,1,0,2,629,629,0,114253.58,0.9917193898235506,TX06272975,TX06272975,A suspicious transaction was identified; additional evidence is required for further investigation.
CF00021,1,1,0,2,580,580,0,112902.04,0.9917193898235506,TX06201863,TX06201863,A suspicious transaction was identified; additional evidence is required for further investigation.
CF00022,1,1,0,2,458,458,0,102711.12,0.9916704812903856,TX06020100,TX06020100,A suspicious transaction was identified; additional evidence is required for further investigation.
CF00023,1,1,0,2,458,458,0,99800.58,0.9916704812903856,TX06020089,TX06020089,A suspicious transaction was identified; additional evidence is required for further investigation.
CF00024,1,1,0,2,578,578,0,118106.94,0.9916094632619742,TX06201740,TX06201740,A suspicious transaction was identified; additional evidence is required for further investigation.
CF00025,1,1,0,2,656,656,0,163814.89,0.9914815959480636,TX06282670,TX06282670,A suspicious transaction was identified; additional evidence is required for further investigation.
CF00026,1,1,0,2,608,608,0,134428.83,0.9914698956993891,TX06260460,TX06260460,A suspicious transaction was identified; additional evidence is required for further investigation.
CF00027,1,1,0,2,656,656,0,133772.53,0.9914698956993891,TX06282986,TX06282986,A suspicious transaction was identified; additional evidence is required for further investigation.
CF00028,1,1,0,2,607,607,0,135428.39,0.9914483246764634,TX06259977,TX06259977,A suspicious transaction was identified; additional evidence is required for further investigation.
CF00029,1,1,0,2,583,583,0,135100.36,0.9914483246764634,TX06202691,TX06202691,A suspicious transaction was identified; additional evidence is required for further investigation.
CF00030,1,1,0,2,608,608,0,160128.25,0.991443880668174,TX06260464,TX06260464,A suspicious transaction was identified; additional evidence is required for further investigation.
CF00031,1,1,0,2,704,704,0,158788.32,0.991443880668174,TX06351250,TX06351250,A suspicious transaction was identified; additional evidence is required for further investigation.
CF00032,1,1,0,2,656,656,0,159789.58,0.991443880668174,TX06283290,TX06283290,A suspicious transaction was identified; additional evidence is required for further investigation.
CF00033,1,1,0,2,512,512,0,127120.88,0.9914414514512012,TX06065315,TX06065315,A suspicious transaction was identified; additional evidence is required for further investigation.
CF00034,1,1,0,2,464,464,0,125464.42,0.9914414514512012,TX06020349,TX06020349,A suspicious transaction was identified; additional evidence is required for further investigation.
CF00035,1,1,0,2,531,531,0,163557.18,0.9914370796891268,TX06118055,TX06118055,A suspicious transaction was identified; additional evidence is required for further investigation.
CF00036,1,1,0,2,462,462,0,167743.93,0.9914370796891268,TX06020327,TX06020327,A suspicious transaction was identified; additional evidence is required for further investigation.
CF00037,1,1,0,2,557,557,0,131050.76,0.9914253794404524,TX06168674,TX06168674,A suspicious transaction was identified; additional evidence is required for further investigation.
CF00038,1,1,0,2,651,651,0,130777.09,0.9914253794404524,TX06281790,TX06281790,A suspicious transaction was identified; additional evidence is required for further investigation.
CF00039,1,1,0,2,559,559,0,127564.33,0.9914198804282754,TX06168704,TX06168704,A suspicious transaction was identified; additional evidence is required for further investigation.
CF00040,1,1,0,2,727,727,0,124582.58,0.9914198804282754,TX06362421,TX06362421,A suspicious transaction was identified; additional evidence is required for further investigation.
CF00041,1,1,0,2,439,439,0,127462.3,0.9914198804282754,TX06008877,TX06008877,A suspicious transaction was identified; additional evidence is required for further investigation.
CF00042,1,1,0,2,603,603,0,158879.1,0.991399364409237,TX06259931,TX06259931,A suspicious transaction was identified; additional evidence is required for further investigation.
CF00043,1,1,0,2,699,699,0,162326.52,0.991399364409237,TX06351189,TX06351189,A suspicious transaction was identified; additional evidence is required for further investigation.
CF00044,1,1,0,2,653,653,0,128440.4,0.9913969351922644,TX06281818,TX06281818,A suspicious transaction was identified; additional evidence is required for further investigation.
CF00045,1,1,0,2,699,699,0,129541.15,0.9913969351922644,TX06351167,TX06351167,A suspicious transaction was identified; additional evidence is required for further investigation.
CF00046,1,1,0,2,461,461,0,125153.57,0.9913969351922644,TX06020273,TX06020273,A suspicious transaction was identified; additional evidence is required for further investigation.
CF00047,1,1,0,2,723,723,0,128893.5,0.9913969351922644,TX06362367,TX06362367,A suspicious transaction was identified; additional evidence is required for further investigation.
CF00048,1,1,0,2,410,410,0,124202.04,0.9912870086306882,TX05987903,TX05987903,A suspicious transaction was identified; additional evidence is required for further investigation.
CF00049,1,1,0,2,458,458,0,167806.93,0.991278388569514,TX06019903,TX06019903,A suspicious transaction was identified; additional evidence is required for further investigation.
CF00050,1,1,0,2,656,656,0,168808.97,0.9912679354130866,TX06282180,TX06282180,A suspicious transaction was identified; additional evidence is required for further investigation.
CF00051,1,1,0,2,698,698,0,131842.85,0.9912666883208398,TX06351083,TX06351083,A suspicious transaction was identified; additional evidence is required for further investigation.
CF00052,1,1,0,2,482,482,0,132438.82,0.9912666883208398,TX06039462,TX06039462,A suspicious transaction was identified; additional evidence is required for further investigation.
CF00053,1,1,0,2,559,559,0,175290.91,0.9912463643901608,TX06168700,TX06168700,A suspicious transaction was identified; additional evidence is required for further investigation.
CF00054,1,1,0,2,676,676,0,171572.06,0.9912234191541496,TX06296667,TX06296667,A suspicious transaction was identified; additional evidence is required for further investigation.
CF00055,1,1,0,2,560,560,0,143275.81,0.9910896388664876,TX06168708,TX06168708,A suspicious transaction was identified; additional evidence is required for further investigation.
CF00056,1,1,0,2,536,536,0,285382.07,0.9910802933956268,TX06118820,TX06118820,A suspicious transaction was identified; additional evidence is required for further investigation.
CF00057,1,1,0,2,674,674,0,171651.7,0.9910647280345372,TX06296619,TX06296619,A suspicious transaction was identified; additional evidence is required for further investigation.
CF00058,1,1,0,2,487,487,0,149827.94,0.991040544023112,TX06040184,TX06040184,A suspicious transaction was identified; additional evidence is required for further investigation.
CF00059,1,1,0,2,579,579,0,150157.6,0.9910175987871008,TX06201830,TX06201830,A suspicious transaction was identified; additional evidence is required for further investigation.
CF00060,1,1,0,2,605,605,0,147230.63,0.9910175987871008,TX06259949,TX06259949,A suspicious transaction was identified; additional evidence is required for further investigation.
CF00061,1,1,0,2,699,699,0,148714.54,0.9910175987871008,TX06351146,TX06351146,A suspicious transaction was identified; additional evidence is required for further investigation.
CF00062,1,1,0,2,608,608,0,277048.48,0.9910162495378134,TX06260944,TX06260944,A suspicious transaction was identified; additional evidence is required for further investigation.
CF00063,1,1,0,2,656,656,0,283121.68,0.9910162495378134,TX06282223,TX06282223,A suspicious transaction was identified; additional evidence is required for further investigation.
CF00064,1,1,0,2,656,656,0,281899.84,0.9910162495378134,TX06282379,TX06282379,A suspicious transaction was identified; additional evidence is required for further investigation.
CF00065,1,1,0,2,630,630,0,139207.39,0.9910002193591116,TX06273118,TX06273118,A suspicious transaction was identified; additional evidence is required for further investigation.
CF00066,1,1,0,2,413,413,0,140333.35,0.9910002193591116,TX05988203,TX05988203,A suspicious transaction was identified; additional evidence is required for further investigation.
CF00067,1,1,0,2,680,680,0,227668.22,0.9909701625112646,TX06296759,TX06296759,A suspicious transaction was identified; additional evidence is required for further investigation.
CF00068,1,1,0,2,656,656,0,231300.45,0.9909701625112646,TX06283522,TX06283522,A suspicious transaction was identified; additional evidence is required for further investigation.
CF00069,1,1,0,2,728,728,0,252667.75,0.9909701625112646,TX06362429,TX06362429,A suspicious transaction was identified; additional evidence is required for further investigation.
CF00070,1,1,0,2,416,416,0,241711.95,0.9909701625112646,TX05988632,TX05988632,A suspicious transaction was identified; additional evidence is required for further investigation.
CF00071,1,1,0,2,608,608,0,245596.88,0.9909701625112646,TX06260351,TX06260351,A suspicious transaction was identified; additional evidence is required for further investigation.
CF00072,1,1,0,2,536,536,0,232565.37,0.9909701625112646,TX06118814,TX06118814,A suspicious transaction was identified; additional evidence is required for further investigation.
CF00073,1,1,0,2,416,416,0,240934.31,0.9909701625112646,TX05988790,TX05988790,A suspicious transaction was identified; additional evidence is required for further investigation.
CF00074,1,1,0,2,608,608,0,258042.15,0.9909701625112646,TX06260268,TX06260268,A suspicious transaction was identified; additional evidence is required for further investigation.
CF00075,1,1,0,2,727,727,0,276298.49,0.9909564513342258,TX06362427,TX06362427,A suspicious transaction was identified; additional evidence is required for further investigation.
CF00076,1,1,0,2,463,463,0,279826.54,0.9909564513342258,TX06020335,TX06020335,A suspicious transaction was identified; additional evidence is required for further investigation.
CF00077,1,1,0,2,416,416,0,313439.92,0.990935791759575,TX05988937,TX05988937,A suspicious transaction was identified; additional evidence is required for further investigation.
CF00078,1,1,0,2,656,656,0,318385.29,0.990935791759575,TX06283176,TX06283176,A suspicious transaction was identified; additional evidence is required for further investigation.
CF00079,1,1,0,2,656,656,0,316102.29,0.990935791759575,TX06282399,TX06282399,A suspicious transaction was identified; additional evidence is required for further investigation.
CF00080,1,1,0,2,416,416,0,293836.09,0.990935791759575,TX05989583,TX05989583,A suspicious transaction was identified; additional evidence is required for further investigation.
CF00081,1,1,0,2,604,604,0,277582.53,0.9909335060982148,TX06259935,TX06259935,A suspicious transaction was identified; additional evidence is required for further investigation.
CF00082,1,1,0,2,485,485,0,277485.25,0.9909335060982148,TX06039799,TX06039799,A suspicious transaction was identified; additional evidence is required for further investigation.
CF00083,1,1,0,2,580,580,0,282500.69,0.9909335060982148,TX06201882,TX06201882,A suspicious transaction was identified; additional evidence is required for further investigation.
CF00084,1,1,0,2,439,439,0,241247.37,0.990910364307677,TX06009123,TX06009123,A suspicious transaction was identified; additional evidence is required for further investigation.
CF00085,1,1,0,2,655,655,0,253648.68,0.990910364307677,TX06281830,TX06281830,A suspicious transaction was identified; additional evidence is required for further investigation.
CF00086,1,1,0,2,607,607,0,243348.28,0.990910364307677,TX06259973,TX06259973,A suspicious transaction was identified; additional evidence is required for further investigation.
CF00087,1,2,1,3,415,420,5,362009.31,0.990910364307677,TX05988250,TX05988250;TX05993052,The available transaction evidence indicates a suspicious transactional pattern requiring further investigation.
CF00088,1,1,0,2,487,487,0,321307.31,0.9909011598547296,TX06040210,TX06040210,A suspicious transaction was identified; additional evidence is required for further investigation.
CF00089,1,1,0,2,461,461,0,227955.85,0.990887419071666,TX06020307,TX06020307,A suspicious transaction was identified; additional evidence is required for further investigation.
CF00090,1,1,0,2,652,652,0,258570.41,0.990887419071666,TX06281806,TX06281806,A suspicious transaction was identified; additional evidence is required for further investigation.
CF00091,1,1,0,2,461,461,0,226689.16,0.990887419071666,TX06020309,TX06020309,A suspicious transaction was identified; additional evidence is required for further investigation.
CF00092,1,1,0,2,556,556,0,227231.78,0.990887419071666,TX06168660,TX06168660,A suspicious transaction was identified; additional evidence is required for further investigation.
CF00093,1,1,0,2,532,532,0,254719.63,0.990887419071666,TX06118180,TX06118180,A suspicious transaction was identified; additional evidence is required for further investigation.
CF00094,1,1,0,2,605,605,0,222213.27,0.990887419071666,TX06259945,TX06259945,A suspicious transaction was identified; additional evidence is required for further investigation.
CF00095,1,1,0,2,605,605,0,247877.03,0.990887419071666,TX06259941,TX06259941,A suspicious transaction was identified; additional evidence is required for further investigation.
CF00096,1,1,0,2,606,606,0,228803.98,0.990887419071666,TX06259969,TX06259969,A suspicious transaction was identified; additional evidence is required for further investigation.
CF00097,1,1,0,2,702,702,0,240746.27,0.990887419071666,TX06351230,TX06351230,A suspicious transaction was identified; additional evidence is required for further investigation.
CF00098,1,1,0,2,558,558,0,244519.75,0.990887419071666,TX06168686,TX06168686,A suspicious transaction was identified; additional evidence is required for further investigation.
CF00099,1,1,0,2,439,439,0,306419.73,0.9908759935559874,TX06008805,TX06008805,A suspicious transaction was identified; additional evidence is required for further investigation.
CF00100,1,1,0,2,487,487,0,293865.06,0.9908759935559874,TX06039994,TX06039994,A suspicious transaction was identified; additional evidence is required for further investigation.
CF00101,1,1,0,2,487,487,0,295401.09,0.9908759935559874,TX06040600,TX06040600,A suspicious transaction was identified; additional evidence is required for further investigation.
CF00102,1,1,0,2,530,530,0,148680.12,0.9908589076674884,TX06117877,TX06117877,A suspicious transaction was identified; additional evidence is required for further investigation.
CF00103,1,1,0,2,558,558,0,316877.85,0.9908530483199764,TX06168684,TX06168684,A suspicious transaction was identified; additional evidence is required for further investigation.
CF00104,1,1,0,2,726,726,0,316882.94,0.9908530483199764,TX06362399,TX06362399,A suspicious transaction was identified; additional evidence is required for further investigation.
CF00105,1,1,0,2,702,702,0,308778.37,0.9908530483199764,TX06351228,TX06351228,A suspicious transaction was identified; additional evidence is required for further investigation.
CF00106,1,1,0,2,701,701,0,306691.05,0.9908530483199764,TX06351208,TX06351208,A suspicious transaction was identified; additional evidence is required for further investigation.
CF00107,1,1,0,2,582,582,0,305710.24,0.9908530483199764,TX06202042,TX06202042,A suspicious transaction was identified; additional evidence is required for further investigation.
CF00108,1,1,0,2,414,414,0,298384.21,0.9908530483199764,TX05988238,TX05988238,A suspicious transaction was identified; additional evidence is required for further investigation.
CF00109,1,1,0,2,724,724,0,309488.9,0.9908530483199764,TX06362381,TX06362381,A suspicious transaction was identified; additional evidence is required for further investigation.
CF00110,1,1,0,2,416,416,0,262088.79,0.9907753773628578,TX05988537,TX05988537,A suspicious transaction was identified; additional evidence is required for further investigation.
CF00111,1,2,1,3,608,608,0,359525.7,0.9907341616813424,TX06260124,TX06260124;TX06260724,The available transaction evidence indicates a suspicious transactional pattern requiring further investigation.
CF00112,1,1,0,2,608,608,0,210207.52,0.9907341616813424,TX06260821,TX06260821,A suspicious transaction was identified; additional evidence is required for further investigation.
CF00113,1,1,0,2,560,560,0,91655.26,0.99072033015326,TX06168706,TX06168706,A suspicious transaction was identified; additional evidence is required for further investigation.
CF00114,1,1,0,2,656,656,0,90119.43,0.99072033015326,TX06282821,TX06282821,A suspicious transaction was identified; additional evidence is required for further investigation.
CF00115,1,1,0,2,656,656,0,88068.59,0.99072033015326,TX06282960,TX06282960,A suspicious transaction was identified; additional evidence is required for further investigation.
CF00116,1,1,0,2,727,727,0,263401.81,0.99071557915927,TX06362423,TX06362423,A suspicious transaction was identified; additional evidence is required for further investigation.
CF00117,1,1,0,2,487,487,0,93781.05,0.990698759130334,TX06040652,TX06040652,A suspicious transaction was identified; additional evidence is required for further investigation.
CF00118,1,1,0,2,411,411,0,281023.82,0.990697900469236,TX05987931,TX05987931,A suspicious transaction was identified; additional evidence is required for further investigation.
CF00119,1,1,0,2,459,459,0,277611.08,0.990697900469236,TX06020171,TX06020171,A suspicious transaction was identified; additional evidence is required for further investigation.
CF00120,1,1,0,2,652,652,0,92043.22,0.9906758138943228,TX06281808,TX06281808,A suspicious transaction was identified; additional evidence is required for further investigation.
CF00121,1,1,0,2,629,629,0,93884.26,0.9906758138943228,TX06272983,TX06272983,A suspicious transaction was identified; additional evidence is required for further investigation.
CF00122,1,1,0,2,412,412,0,87438.83,0.9906758138943228,TX05987937,TX05987937,A suspicious transaction was identified; additional evidence is required for further investigation.
CF00123,1,1,0,2,534,534,0,93166.13,0.9906758138943228,TX06118584,TX06118584,A suspicious transaction was identified; additional evidence is required for further investigation.
CF00124,1,1,0,2,701,701,0,91882.6,0.9906758138943228,TX06351206,TX06351206,A suspicious transaction was identified; additional evidence is required for further investigation.
CF00125,1,1,0,2,531,531,0,87594.77,0.9906758138943228,TX06117974,TX06117974,A suspicious transaction was identified; additional evidence is required for further investigation.
CF00126,1,1,0,2,724,724,0,89845.29,0.9906758138943228,TX06362379,TX06362379,A suspicious transaction was identified; additional evidence is required for further investigation.
CF00127,1,1,0,2,463,463,0,219300.76,0.990674363477755,TX06020339,TX06020339,A suspicious transaction was identified; additional evidence is required for further investigation.
CF00128,1,1,0,2,439,439,0,203119.08,0.990674363477755,TX06008744,TX06008744,A suspicious transaction was identified; additional evidence is required for further investigation.
CF00129,1,1,0,2,487,487,0,207297.71,0.990674363477755,TX06040480,TX06040480,A suspicious transaction was identified; additional evidence is required for further investigation.
CF00130,1,1,0,2,579,579,0,254564.81,0.990651813442687,TX06201838,TX06201838,A suspicious transaction was identified; additional evidence is required for further investigation.
CF00131,1,1,0,2,507,507,0,244153.94,0.990651813442687,TX06064983,TX06064983,A suspicious transaction was identified; additional evidence is required for further investigation.
CF00132,1,1,0,2,507,507,0,227304.91,0.990651813442687,TX06064989,TX06064989,A suspicious transaction was identified; additional evidence is required for further investigation.
CF00133,1,1,0,2,486,486,0,214793.32,0.990651418241744,TX06039815,TX06039815,A suspicious transaction was identified; additional evidence is required for further investigation.
CF00134,1,1,0,2,414,414,0,216000.95,0.990651418241744,TX05988234,TX05988234,A suspicious transaction was identified; additional evidence is required for further investigation.
CF00135,1,1,0,2,604,604,0,203848.61,0.990651418241744,TX06259939,TX06259939,A suspicious transaction was identified; additional evidence is required for further investigation.
CF00136,1,1,0,2,508,508,0,218350.42,0.990651418241744,TX06064997,TX06064997,A suspicious transaction was identified; additional evidence is required for further investigation.
CF00137,1,1,0,2,558,558,0,209829.57,0.990651418241744,TX06168692,TX06168692,A suspicious transaction was identified; additional evidence is required for further investigation.
CF00138,1,1,0,2,460,460,0,217666.25,0.990651418241744,TX06020228,TX06020228,A suspicious transaction was identified; additional evidence is required for further investigation.
CF00139,1,1,0,2,436,436,0,212053.69,0.990651418241744,TX06008497,TX06008497,A suspicious transaction was identified; additional evidence is required for further investigation.
CF00140,1,1,0,2,534,534,0,209340.53,0.990651418241744,TX06118296,TX06118296,A suspicious transaction was identified; additional evidence is required for further investigation.
CF00141,1,1,0,2,437,437,0,207801.38,0.990651418241744,TX06008687,TX06008687,A suspicious transaction was identified; additional evidence is required for further investigation.
CF00142,1,1,0,2,656,656,0,151826.11,0.9906397135582442,TX06282966,TX06282966,A suspicious transaction was identified; additional evidence is required for further investigation.
CF00143,1,1,0,2,728,728,0,287040.14,0.990626936289094,TX06362431,TX06362431,A suspicious transaction was identified; additional evidence is required for further investigation.
CF00144,1,1,0,2,511,511,0,150929.12,0.9906181425353184,TX06065299,TX06065299,A suspicious transaction was identified; additional evidence is required for further investigation.
CF00145,1,1,0,2,531,531,0,305401.21,0.9906174426909976,TX06118144,TX06118144,A suspicious transaction was identified; additional evidence is required for further investigation.
CF00146,1,1,0,2,581,581,0,155002.83,0.9906075820872604,TX06201900,TX06201900,A suspicious transaction was identified; additional evidence is required for further investigation.
CF00147,1,1,0,2,462,462,0,155028.83,0.9906075820872604,TX06020325,TX06020325,A suspicious transaction was identified; additional evidence is required for further investigation.
CF00148,1,1,0,2,462,462,0,151994.59,0.9905951972993072,TX06020315,TX06020315,A suspicious transaction was identified; additional evidence is required for further investigation.
CF00149,1,1,0,2,488,488,0,326052.83,0.9905472770220272,TX06040733,TX06040733,A suspicious transaction was identified; additional evidence is required for further investigation.
CF00150,1,1,0,2,464,464,0,336917.97,0.9905472770220272,TX06020355,TX06020355,A suspicious transaction was identified; additional evidence is required for further investigation.
CF00151,1,1,0,2,676,676,0,327773.15,0.9904645335824284,TX06296661,TX06296661,A suspicious transaction was identified; additional evidence is required for further investigation.
CF00152,1,1,0,2,578,578,0,152372.18,0.990448890967648,TX06201707,TX06201707,A suspicious transaction was identified; additional evidence is required for further investigation.
CF00153,1,2,1,3,699,715,16,428420.44999999995,0.990415812612765,TX06351183,TX06351183;TX06360224,The available transaction evidence indicates a suspicious transactional pattern requiring further investigation.
CF00154,1,1,0,2,656,656,0,201366.41,0.9903722780556136,TX06283013,TX06283013,A suspicious transaction was identified; additional evidence is required for further investigation.
CF00155,1,1,0,2,656,656,0,340422.78,0.9903116713930484,TX06283553,TX06283553,A suspicious transaction was identified; additional evidence is required for further investigation.
CF00156,1,1,0,2,560,560,0,357882.83,0.9903116713930484,TX06168710,TX06168710,A suspicious transaction was identified; additional evidence is required for further investigation.
CF00157,1,1,0,2,704,704,0,339152.24,0.9903116713930484,TX06351244,TX06351244,A suspicious transaction was identified; additional evidence is required for further investigation.
CF00158,1,1,0,2,608,608,0,353094.9,0.9903116713930484,TX06260297,TX06260297,A suspicious transaction was identified; additional evidence is required for further investigation.
CF00159,1,1,0,2,656,656,0,342104.75,0.9903116713930484,TX06281861,TX06281861,A suspicious transaction was identified; additional evidence is required for further investigation.
CF00160,1,1,0,2,416,416,0,358139.46,0.9903116713930484,TX05988543,TX05988543,A suspicious transaction was identified; additional evidence is required for further investigation.
CF00161,1,1,0,2,698,698,0,282280.07,0.9902679240696884,TX06351096,TX06351096,A suspicious transaction was identified; additional evidence is required for further investigation.
CF00162,1,1,0,2,410,410,0,281439.26,0.9902679240696884,TX05987911,TX05987911,A suspicious transaction was identified; additional evidence is required for further investigation.
CF00163,1,1,0,2,703,703,0,337287.72,0.9902518731894606,TX06351234,TX06351234,A suspicious transaction was identified; additional evidence is required for further investigation.
CF00164,1,1,0,2,487,487,0,352830.37,0.9902518731894606,TX06040343,TX06040343,A suspicious transaction was identified; additional evidence is required for further investigation.
CF00165,1,1,0,2,679,679,0,350095.73,0.9902518731894606,TX06296686,TX06296686,A suspicious transaction was identified; additional evidence is required for further investigation.
CF00166,1,1,0,2,413,413,0,341441.17,0.9902289279534496,TX05988021,TX05988021,A suspicious transaction was identified; additional evidence is required for further investigation.
CF00167,1,1,0,2,700,700,0,346103.09,0.9902289279534496,TX06351194,TX06351194,A suspicious transaction was identified; additional evidence is required for further investigation.
CF00168,1,1,0,2,508,508,0,350233.08,0.9902289279534496,TX06064999,TX06064999,A suspicious transaction was identified; additional evidence is required for further investigation.
CF00169,1,1,0,2,602,602,0,232185.56,0.9902218370431396,TX06259917,TX06259917,A suspicious transaction was identified; additional evidence is required for further investigation.
CF00170,1,1,0,2,650,650,0,230652.43,0.9902218370431396,TX06281788,TX06281788,A suspicious transaction was identified; additional evidence is required for further investigation.
CF00171,1,1,0,2,674,674,0,306505.03,0.99018746629145,TX06296627,TX06296627,A suspicious transaction was identified; additional evidence is required for further investigation.
CF00172,1,1,0,2,482,482,0,296186.51,0.99018746629145,TX06039466,TX06039466,A suspicious transaction was identified; additional evidence is required for further investigation.
CF00173,1,1,0,2,410,410,0,206985.26,0.9901785394314844,TX05987915,TX05987915,A suspicious transaction was identified; additional evidence is required for further investigation.
CF00174,1,1,0,2,656,656,0,291788.22,0.9901023963846204,TX06282938,TX06282938,A suspicious transaction was identified; additional evidence is required for further investigation.
CF00175,1,1,0,2,554,554,0,353785.26,0.9900404193302051,TX06168502,TX06168502,A suspicious transaction was identified; additional evidence is required for further investigation.
CF00176,1,1,0,2,554,554,0,346795.44,0.9900404193302051,TX06168510,TX06168510,A suspicious transaction was identified; additional evidence is required for further investigation.
CF00177,1,1,0,2,583,583,0,333390.18,0.9900103043783808,TX06202683,TX06202683,A suspicious transaction was identified; additional evidence is required for further investigation.
CF00178,1,1,0,2,726,726,0,54584.29,0.9891948711858944,TX06362397,TX06362397,A suspicious transaction was identified; additional evidence is required for further investigation.
CF00179,1,2,1,3,552,565,13,121620.79000000001,0.9891426281867192,TX06167393,TX06167393;TX06176969,The available transaction evidence indicates a suspicious transactional pattern requiring further investigation.
CF00180,1,1,0,2,528,528,0,99557.19,0.9891426281867192,TX06117069,TX06117069,A suspicious transaction was identified; additional evidence is required for further investigation.
CF00181,1,1,0,2,436,436,0,59841.44,0.9891187828811776,TX06008447,TX06008447,A suspicious transaction was identified; additional evidence is required for further investigation.
CF00182,1,1,0,2,408,408,0,106801.39,0.9890971311616524,TX05982319,TX05982319,A suspicious transaction was identified; additional evidence is required for further investigation.
CF00183,1,1,0,2,530,530,0,289470.8,0.9890800526064736,TX06117676,TX06117676,A suspicious transaction was identified; additional evidence is required for further investigation.
CF00184,1,1,0,2,608,608,0,51206.85,0.9890689507133894,TX06260790,TX06260790,A suspicious transaction was identified; additional evidence is required for further investigation.
CF00185,1,1,0,2,632,632,0,52541.42,0.9890689507133894,TX06273157,TX06273157,A suspicious transaction was identified; additional evidence is required for further investigation.
CF00186,1,1,0,2,488,488,0,50279.4,0.9890689507133894,TX06040729,TX06040729,A suspicious transaction was identified; additional evidence is required for further investigation.
CF00187,1,1,0,2,654,654,0,48712.12,0.9890244344544524,TX06281822,TX06281822,A suspicious transaction was identified; additional evidence is required for further investigation.
CF00188,1,1,0,2,485,485,0,53107.96,0.9890244344544524,TX06039801,TX06039801,A suspicious transaction was identified; additional evidence is required for further investigation.
CF00189,1,1,0,2,509,509,0,50688.81,0.9890244344544524,TX06065271,TX06065271,A suspicious transaction was identified; additional evidence is required for further investigation.
CF00190,1,1,0,2,413,413,0,53663.58,0.9889867191745628,TX05987956,TX05987956,A suspicious transaction was identified; additional evidence is required for further investigation.
CF00191,1,1,0,2,722,722,0,59263.88,0.988863990843689,TX06362357,TX06362357,A suspicious transaction was identified; additional evidence is required for further investigation.
CF00192,1,1,0,2,608,608,0,60254.38,0.9887734457478728,TX06260336,TX06260336,A suspicious transaction was identified; additional evidence is required for further investigation.
CF00193,1,1,0,2,559,559,0,55539.89,0.988752863652826,TX06168702,TX06168702,A suspicious transaction was identified; additional evidence is required for further investigation.
CF00194,1,1,0,2,487,487,0,60021.36,0.9887518747249469,TX06040008,TX06040008,A suspicious transaction was identified; additional evidence is required for further investigation.
CF00195,1,1,0,2,438,438,0,60274.87,0.9887289294889358,TX06008707,TX06008707,A suspicious transaction was identified; additional evidence is required for further investigation.
CF00196,1,1,0,2,607,607,0,56888.23,0.9886767753481094,TX06259975,TX06259975,A suspicious transaction was identified; additional evidence is required for further investigation.
CF00197,1,1,0,2,606,606,0,57588.67,0.9886538301120984,TX06259963,TX06259963,A suspicious transaction was identified; additional evidence is required for further investigation.
CF00198,1,1,0,2,460,460,0,58058.98,0.9886538301120984,TX06020215,TX06020215,A suspicious transaction was identified; additional evidence is required for further investigation.
CF00199,1,1,0,2,578,578,0,60633.76,0.9884741374514472,TX06201645,TX06201645,A suspicious transaction was identified; additional evidence is required for further investigation.
CF00200,1,1,0,2,552,552,0,89734.85,0.9881347406494648,TX06167267,TX06167267,A suspicious transaction was identified; additional evidence is required for further investigation.
CF00201,1,1,0,2,416,416,0,63576.8,0.9876884029271048,TX05988342,TX05988342,A suspicious transaction was identified; additional evidence is required for further investigation.
CF00202,1,1,0,2,416,416,0,79076.14,0.9876826140304564,TX05989567,TX05989567,A suspicious transaction was identified; additional evidence is required for further investigation.
CF00203,1,1,0,2,632,632,0,82209.71,0.9876826140304564,TX06273161,TX06273161,A suspicious transaction was identified; additional evidence is required for further investigation.
CF00204,1,1,0,2,656,656,0,84007.22,0.9876826140304564,TX06282969,TX06282969,A suspicious transaction was identified; additional evidence is required for further investigation.
CF00205,1,1,0,2,416,416,0,79281.49,0.9876826140304564,TX05988684,TX05988684,A suspicious transaction was identified; additional evidence is required for further investigation.
CF00206,1,1,0,2,584,584,0,84090.35,0.9876826140304564,TX06202904,TX06202904,A suspicious transaction was identified; additional evidence is required for further investigation.
CF00207,1,1,0,2,535,535,0,72878.02,0.987666831904179,TX06118806,TX06118806,A suspicious transaction was identified; additional evidence is required for further investigation.
CF00208,1,1,0,2,727,727,0,69039.64,0.987666831904179,TX06362425,TX06362425,A suspicious transaction was identified; additional evidence is required for further investigation.
CF00209,1,1,0,2,439,439,0,75906.18,0.9876610430075304,TX06009149,TX06009149,A suspicious transaction was identified; additional evidence is required for further investigation.
CF00210,1,1,0,2,651,651,0,65494.78,0.987643886668168,TX06281798,TX06281798,A suspicious transaction was identified; additional evidence is required for further investigation.
CF00211,1,1,0,2,724,724,0,72389.42,0.987643886668168,TX06362389,TX06362389,A suspicious transaction was identified; additional evidence is required for further investigation.
CF00212,1,1,0,2,701,701,0,74581.07,0.987643886668168,TX06351200,TX06351200,A suspicious transaction was identified; additional evidence is required for further investigation.
CF00213,1,1,0,2,462,462,0,67921.66,0.987643886668168,TX06020319,TX06020319,A suspicious transaction was identified; additional evidence is required for further investigation.
CF00214,1,1,0,2,699,699,0,62372.43,0.987643886668168,TX06351186,TX06351186,A suspicious transaction was identified; additional evidence is required for further investigation.
CF00215,1,1,0,2,723,723,0,72955.08,0.987643886668168,TX06362373,TX06362373,A suspicious transaction was identified; additional evidence is required for further investigation.
CF00216,1,1,0,2,484,484,0,67692.41,0.987643886668168,TX06039791,TX06039791,A suspicious transaction was identified; additional evidence is required for further investigation.
CF00217,1,1,0,2,557,557,0,74709.4,0.987643886668168,TX06168666,TX06168666,A suspicious transaction was identified; additional evidence is required for further investigation.
CF00218,1,1,0,2,460,460,0,76548.48,0.9876380977715192,TX06020195,TX06020195,A suspicious transaction was identified; additional evidence is required for further investigation.
CF00219,1,1,0,2,652,652,0,80397.86,0.9876380977715192,TX06281812,TX06281812,A suspicious transaction was identified; additional evidence is required for further investigation.
CF00220,1,1,0,2,726,726,0,76960.91,0.9876380977715192,TX06362415,TX06362415,A suspicious transaction was identified; additional evidence is required for further investigation.
CF00221,1,1,0,2,483,483,0,83086.42,0.9876380977715192,TX06039537,TX06039537,A suspicious transaction was identified; additional evidence is required for further investigation.
CF00222,1,1,0,2,701,701,0,79581.24,0.9876380977715192,TX06351212,TX06351212,A suspicious transaction was identified; additional evidence is required for further investigation.
CF00223,1,1,0,2,408,408,0,119101.48,0.987608019610978,TX05985135,TX05985135,A suspicious transaction was identified; additional evidence is required for further investigation.
CF00224,1,1,0,2,528,528,0,115457.96,0.987608019610978,TX06116903,TX06116903,A suspicious transaction was identified; additional evidence is required for further investigation.
CF00225,1,1,0,2,482,482,0,75659.33,0.9875281712099432,TX06039460,TX06039460,A suspicious transaction was identified; additional evidence is required for further investigation.
CF00226,1,1,0,2,674,674,0,64083.54,0.9873890946306794,TX06296629,TX06296629,A suspicious transaction was identified; additional evidence is required for further investigation.
CF00227,1,1,0,2,650,650,0,71666.93,0.9873890946306794,TX06281776,TX06281776,A suspicious transaction was identified; additional evidence is required for further investigation.
CF00228,1,1,0,2,578,578,0,68755.57,0.9873890946306794,TX06201661,TX06201661,A suspicious transaction was identified; additional evidence is required for further investigation.
CF00229,1,1,0,2,408,408,0,128836.73,0.987285564979692,TX05980737,TX05980737,A suspicious transaction was identified; additional evidence is required for further investigation.
CF00230,1,1,0,2,408,408,0,125757.48,0.987285564979692,TX05980425,TX05980425,A suspicious transaction was identified; additional evidence is required for further investigation.
CF00231,1,1,0,2,408,408,0,131813.28,0.9872368004216558,TX05981990,TX05981990,A suspicious transaction was identified; additional evidence is required for further investigation.
CF00232,1,1,0,2,408,408,0,130708.85,0.9872368004216558,TX05987221,TX05987221,A suspicious transaction was identified; additional evidence is required for further investigation.
CF00233,1,1,0,2,656,656,0,44038.05,0.985778375129266,TX06283786,TX06283786,A suspicious transaction was identified; additional evidence is required for further investigation.
CF00234,1,1,0,2,487,487,0,43698.12,0.98575680410634,TX06040580,TX06040580,A suspicious transaction was identified; additional evidence is required for further investigation.
CF00235,1,1,0,2,415,415,0,37766.23,0.985745450415418,TX05988264,TX05988264,A suspicious transaction was identified; additional evidence is required for further investigation.
CF00236,1,1,0,2,582,582,0,47662.13,0.9857338588703288,TX06202670,TX06202670,A suspicious transaction was identified; additional evidence is required for further investigation.
CF00237,1,1,0,2,509,509,0,40836.05,0.9857338588703288,TX06065070,TX06065070,A suspicious transaction was identified; additional evidence is required for further investigation.
CF00238,1,1,0,2,675,675,0,43440.97,0.9857338588703288,TX06296634,TX06296634,A suspicious transaction was identified; additional evidence is required for further investigation.
CF00239,1,1,0,2,483,483,0,44928.02,0.9857338588703288,TX06039777,TX06039777,A suspicious transaction was identified; additional evidence is required for further investigation.
CF00240,1,1,0,2,699,699,0,37754.83,0.9857225051794072,TX06351178,TX06351178,A suspicious transaction was identified; additional evidence is required for further investigation.
CF00241,1,1,0,2,603,603,0,39247.74,0.9857225051794072,TX06259925,TX06259925,A suspicious transaction was identified; additional evidence is required for further investigation.
CF00242,1,1,0,2,482,482,0,37831.15,0.9856532971848018,TX06039470,TX06039470,A suspicious transaction was identified; additional evidence is required for further investigation.
CF00243,1,1,0,2,656,656,0,46291.81,0.9855380929557924,TX06282118,TX06282118,A suspicious transaction was identified; additional evidence is required for further investigation.
CF00244,1,1,0,2,655,655,0,45758.71,0.9855165219328664,TX06281832,TX06281832,A suspicious transaction was identified; additional evidence is required for further investigation.
CF00245,1,1,0,2,459,459,0,46130.88,0.9854935766968554,TX06020167,TX06020167,A suspicious transaction was identified; additional evidence is required for further investigation.
CF00246,1,1,0,2,462,462,0,46190.9,0.9854935766968554,TX06020323,TX06020323,A suspicious transaction was identified; additional evidence is required for further investigation.
CF00247,1,1,0,2,576,576,0,60683.74,0.9854876948124404,TX06201076,TX06201076,A suspicious transaction was identified; additional evidence is required for further investigation.
CF00248,1,1,0,2,720,720,0,57040.65,0.985453314002574,TX06362347,TX06362347,A suspicious transaction was identified; additional evidence is required for further investigation.
CF00249,1,1,0,2,528,528,0,56134.97,0.985453314002574,TX06116754,TX06116754,A suspicious transaction was identified; additional evidence is required for further investigation.
CF00250,1,1,0,2,408,408,0,80075.43,0.9850970245266611,TX05984911,TX05984911,A suspicious transaction was identified; additional evidence is required for further investigation.
CF00251,1,1,0,2,720,720,0,79039.81,0.9850970245266611,TX06362339,TX06362339,A suspicious transaction was identified; additional evidence is required for further investigation.
CF00252,1,1,0,2,456,456,0,79717.14,0.9850970245266611,TX06019709,TX06019709,A suspicious transaction was identified; additional evidence is required for further investigation.
CF00253,1,1,0,2,720,720,0,71439.81,0.9843543574949974,TX06362345,TX06362345,A suspicious transaction was identified; additional evidence is required for further investigation.
CF00254,1,1,0,2,552,552,0,72217.07,0.9843543574949974,TX06167294,TX06167294,A suspicious transaction was identified; additional evidence is required for further investigation.
CF00255,1,1,0,2,624,624,0,69912.57,0.9843543574949974,TX06272927,TX06272927,A suspicious transaction was identified; additional evidence is required for further investigation.
CF00256,1,1,0,2,672,672,0,42702.92,0.9832372658827148,TX06296103,TX06296103,A suspicious transaction was identified; additional evidence is required for further investigation.
CF00257,1,1,0,2,696,696,0,44044.79,0.9832372658827148,TX06351058,TX06351058,A suspicious transaction was identified; additional evidence is required for further investigation.
CF00258,1,1,0,2,456,456,0,38180.99,0.9832259121917928,TX06019713,TX06019713,A suspicious transaction was identified; additional evidence is required for further investigation.
CF00259,1,2,1,3,408,429,21,45363.2,0.9832259121917928,TX05982381,TX05982381;TX06005299,The available transaction evidence indicates a suspicious transactional pattern requiring further investigation.
CF00260,1,1,0,2,720,720,0,40075.02,0.9832259121917928,TX06362341,TX06362341,A suspicious transaction was identified; additional evidence is required for further investigation.
CF00261,1,1,0,2,726,726,0,9065.44,0.9756154707420812,TX06362403,TX06362403,A suspicious transaction was identified; additional evidence is required for further investigation.
CF00262,1,1,0,2,629,629,0,7922.98,0.9753786795102728,TX06272981,TX06272981,A suspicious transaction was identified; additional evidence is required for further investigation.
CF00263,1,1,0,2,703,703,0,13024.95,0.975243265716556,TX06351238,TX06351238,A suspicious transaction was identified; additional evidence is required for further investigation.
CF00264,1,1,0,2,415,415,0,13659.45,0.97522169469363,TX05988254,TX05988254,A suspicious transaction was identified; additional evidence is required for further investigation.
CF00265,1,1,0,2,531,531,0,13074.53,0.974848638581927,TX06117984,TX06117984,A suspicious transaction was identified; additional evidence is required for further investigation.
CF00266,1,1,0,2,673,673,0,897875.35,0.9747353505942334,TX06296196,TX06296196,A suspicious transaction was identified; additional evidence is required for further investigation.
CF00267,1,1,0,2,437,437,0,16207.04,0.974648486118958,TX06008689,TX06008689,A suspicious transaction was identified; additional evidence is required for further investigation.
CF00268,1,1,0,2,608,608,0,780687.45,0.9739592947036848,TX06260575,TX06260575,A suspicious transaction was identified; additional evidence is required for further investigation.
CF00269,1,1,0,2,439,439,0,14374.32,0.9737406235370384,TX06008818,TX06008818,A suspicious transaction was identified; additional evidence is required for further investigation.
CF00270,1,1,0,2,577,577,0,763170.76,0.9736726722681326,TX06201470,TX06201470,A suspicious transaction was identified; additional evidence is required for further investigation.
CF00271,1,1,0,2,601,601,0,3222.58,0.9730887168590248,TX06259281,TX06259281,A suspicious transaction was identified; additional evidence is required for further investigation.
CF00272,1,1,0,2,652,652,0,762782.66,0.9730615979860664,TX06281800,TX06281800,A suspicious transaction was identified; additional evidence is required for further investigation.
CF00273,1,1,0,2,726,726,0,765104.94,0.9730615979860664,TX06362401,TX06362401,A suspicious transaction was identified; additional evidence is required for further investigation.
CF00274,1,1,0,2,577,577,0,763170.76,0.9730615979860664,TX06201469,TX06201469,A suspicious transaction was identified; additional evidence is required for further investigation.
CF00275,1,1,0,2,583,583,0,759701.03,0.9730615979860664,TX06202693,TX06202693,A suspicious transaction was identified; additional evidence is required for further investigation.
CF00276,1,1,0,2,577,577,0,681525.62,0.973035259223812,TX06201210,TX06201210,A suspicious transaction was identified; additional evidence is required for further investigation.
CF00277,1,1,0,2,512,512,0,684266.09,0.9727832318319786,TX06065305,TX06065305,A suspicious transaction was identified; additional evidence is required for further investigation.
CF00278,1,1,0,2,656,656,0,766257.55,0.9727691969746952,TX06282441,TX06282441,A suspicious transaction was identified; additional evidence is required for further investigation.
CF00279,1,1,0,2,582,582,0,123068.56,0.971783592580439,TX06202457,TX06202457,A suspicious transaction was identified; additional evidence is required for further investigation.
CF00280,1,1,0,2,725,725,0,123259.24,0.971783592580439,TX06362393,TX06362393,A suspicious transaction was identified; additional evidence is required for further investigation.
CF00281,1,1,0,2,509,509,0,123468.32,0.971783592580439,TX06065214,TX06065214,A suspicious transaction was identified; additional evidence is required for further investigation.
CF00282,1,1,0,2,458,458,0,123492.34,0.9716736660188628,TX06020041,TX06020041,A suspicious transaction was identified; additional evidence is required for further investigation.
CF00283,1,1,0,2,608,608,0,136331.05,0.9716562005432492,TX06260425,TX06260425,A suspicious transaction was identified; additional evidence is required for further investigation.
CF00284,1,1,0,2,723,723,0,138373.64,0.9716116842843124,TX06362371,TX06362371,A suspicious transaction was identified; additional evidence is required for further investigation.
CF00285,1,1,0,2,534,534,0,136245.39,0.9716116842843124,TX06118419,TX06118419,A suspicious transaction was identified; additional evidence is required for further investigation.
CF00286,1,1,0,2,484,484,0,156220.74,0.9715790752961888,TX06039793,TX06039793,A suspicious transaction was identified; additional evidence is required for further investigation.
CF00287,1,1,0,2,604,604,0,714218.48,0.971522035193558,TX06259933,TX06259933,A suspicious transaction was identified; additional evidence is required for further investigation.
CF00288,1,1,0,2,437,437,0,4716.08,0.971487526888058,TX06008691,TX06008691,A suspicious transaction was identified; additional evidence is required for further investigation.
CF00289,1,1,0,2,413,413,0,4028.63,0.971432512336626,TX05987976,TX05987976,A suspicious transaction was identified; additional evidence is required for further investigation.
CF00290,1,1,0,2,680,680,0,272716.64,0.9713688645195384,TX06296761,TX06296761,A suspicious transaction was identified; additional evidence is required for further investigation.
CF00291,1,1,0,2,531,531,0,4791.06,0.9713327208591356,TX06117977,TX06117977,A suspicious transaction was identified; additional evidence is required for further investigation.
CF00292,1,1,0,2,439,439,0,272879.16,0.9713090663159508,TX06008768,TX06008768,A suspicious transaction was identified; additional evidence is required for further investigation.
CF00293,1,1,0,2,459,459,0,4153.02,0.9712777063077034,TX06020165,TX06020165,A suspicious transaction was identified; additional evidence is required for further investigation.
CF00294,1,1,0,2,456,456,0,760984.58,0.9712578908073952,TX06019711,TX06019711,A suspicious transaction was identified; additional evidence is required for further investigation.
CF00295,1,1,0,2,512,512,0,718350.64,0.9712296341821868,TX06065313,TX06065313,A suspicious transaction was identified; additional evidence is required for further investigation.
CF00296,1,1,0,2,464,464,0,86111.65,0.9711691493038352,TX06020353,TX06020353,A suspicious transaction was identified; additional evidence is required for further investigation.
CF00297,1,1,0,2,699,699,0,84480.05,0.9711246330448984,TX06351144,TX06351144,A suspicious transaction was identified; additional evidence is required for further investigation.
CF00298,1,1,0,2,416,416,0,143642.7,0.9711004420968844,TX05989993,TX05989993,A suspicious transaction was identified; additional evidence is required for further investigation.
CF00299,1,1,0,2,486,486,0,143500.62,0.9710559258379476,TX06039809,TX06039809,A suspicious transaction was identified; additional evidence is required for further investigation.
CF00300,1,1,0,2,510,510,0,177137.79,0.9709874183242276,TX06065295,TX06065295,A suspicious transaction was identified; additional evidence is required for further investigation.
CF00301,1,1,0,2,438,438,0,176776.55,0.9709874183242276,TX06008705,TX06008705,A suspicious transaction was identified; additional evidence is required for further investigation.
CF00302,1,1,0,2,601,601,0,98099.07,0.9709528700050372,TX06259817,TX06259817,A suspicious transaction was identified; additional evidence is required for further investigation.
CF00303,1,1,0,2,416,416,0,266852.75,0.9709397718262855,TX05989246,TX05989246,A suspicious transaction was identified; additional evidence is required for further investigation.
CF00304,1,1,0,2,697,697,0,106850.22,0.9709073729799704,TX06351062,TX06351062,A suspicious transaction was identified; additional evidence is required for further investigation.
CF00305,1,1,0,2,577,577,0,113687.0,0.970891851976626,TX06201415,TX06201415,A suspicious transaction was identified; additional evidence is required for further investigation.
CF00306,1,1,0,2,505,505,0,115332.43,0.970891851976626,TX06064662,TX06064662,A suspicious transaction was identified; additional evidence is required for further investigation.
CF00307,1,1,0,2,605,605,0,251118.04,0.970887419071666,TX06259947,TX06259947,A suspicious transaction was identified; additional evidence is required for further investigation.
CF00308,1,1,0,2,607,607,0,265680.73,0.9708799736226978,TX06259971,TX06259971,A suspicious transaction was identified; additional evidence is required for further investigation.
CF00309,1,1,0,2,699,699,0,257643.59,0.9706518134426873,TX06351150,TX06351150,A suspicious transaction was identified; additional evidence is required for further investigation.
CF00310,1,2,1,3,505,517,12,287358.62,0.9705997119457532,TX06064090,TX06064090;TX06074512,The available transaction evidence indicates a suspicious transactional pattern requiring further investigation.
CF00311,1,1,0,2,481,481,0,130668.56,0.9705206327873036,TX06039444,TX06039444,A suspicious transaction was identified; additional evidence is required for further investigation.
CF00312,1,1,0,2,605,605,0,269692.53,0.9704860688799904,TX06259953,TX06259953,A suspicious transaction was identified; additional evidence is required for further investigation.
CF00313,1,1,0,2,487,487,0,196669.44,0.9703943448984332,TX06040166,TX06040166,A suspicious transaction was identified; additional evidence is required for further investigation.
CF00314,1,1,0,2,487,487,0,197765.93,0.9703943448984332,TX06040238,TX06040238,A suspicious transaction was identified; additional evidence is required for further investigation.
CF00315,1,2,1,3,679,687,8,620055.6799999999,0.9703943448984332,TX06296740,TX06296740;TX06316127,The available transaction evidence indicates a suspicious transactional pattern requiring further investigation.
CF00316,1,1,0,2,601,601,0,169932.87,0.970386051410776,TX06259116,TX06259116,A suspicious transaction was identified; additional evidence is required for further investigation.
CF00317,1,1,0,2,457,457,0,173020.24,0.970386051410776,TX06019717,TX06019717,A suspicious transaction was identified; additional evidence is required for further investigation.
CF00318,1,1,0,2,409,409,0,175972.28,0.970386051410776,TX05987653,TX05987653,A suspicious transaction was identified; additional evidence is required for further investigation.
CF00319,1,1,0,2,678,678,0,194876.96,0.9703713996624224,TX06296679,TX06296679,A suspicious transaction was identified; additional evidence is required for further investigation.
CF00320,1,1,0,2,724,724,0,200482.72,0.9703713996624224,TX06362377,TX06362377,A suspicious transaction was identified; additional evidence is required for further investigation.
CF00321,1,1,0,2,411,411,0,365069.45,0.9703224580258184,TX05987929,TX05987929,A suspicious transaction was identified; additional evidence is required for further investigation.
CF00322,1,1,0,2,408,408,0,689093.02,0.9702971356689952,TX05981183,TX05981183,A suspicious transaction was identified; additional evidence is required for further investigation.
CF00323,1,1,0,2,408,408,0,689650.17,0.9702971356689952,TX05981197,TX05981197,A suspicious transaction was identified; additional evidence is required for further investigation.
CF00324,1,1,0,2,507,507,0,269476.09,0.9702504632510114,TX06064981,TX06064981,A suspicious transaction was identified; additional evidence is required for further investigation.
CF00325,1,1,0,2,458,458,0,256556.98,0.9702218370431396,TX06019899,TX06019899,A suspicious transaction was identified; additional evidence is required for further investigation.
CF00326,1,1,0,2,577,577,0,141730.2,0.9701403759544018,TX06201286,TX06201286,A suspicious transaction was identified; additional evidence is required for further investigation.
CF00327,1,1,0,2,673,673,0,145067.24,0.9701128521339522,TX06296580,TX06296580,A suspicious transaction was identified; additional evidence is required for further investigation.
CF00328,1,1,0,2,409,409,0,149726.72,0.9701128521339522,TX05987536,TX05987536,A suspicious transaction was identified; additional evidence is required for further investigation.
CF00329,1,1,0,2,505,505,0,146638.62,0.9701128521339522,TX06064909,TX06064909,A suspicious transaction was identified; additional evidence is required for further investigation.
CF00330,1,1,0,2,649,649,0,150205.64,0.9701128521339522,TX06281570,TX06281570,A suspicious transaction was identified; additional evidence is required for further investigation.
CF00331,1,1,0,2,457,457,0,145482.09,0.9701128521339522,TX06019721,TX06019721,A suspicious transaction was identified; additional evidence is required for further investigation.
CF00332,1,1,0,2,433,433,0,5270.57,0.9700958493464528,TX06008417,TX06008417,A suspicious transaction was identified; additional evidence is required for further investigation.
CF00333,1,1,0,2,530,530,0,194420.1,0.9698985208521628,TX06117850,TX06117850,A suspicious transaction was identified; additional evidence is required for further investigation.
CF00334,1,1,0,2,578,578,0,195562.98,0.9698985208521628,TX06201756,TX06201756,A suspicious transaction was identified; additional evidence is required for further investigation.
CF00335,1,1,0,2,601,601,0,93253.25,0.9698482760473982,TX06259434,TX06259434,A suspicious transaction was identified; additional evidence is required for further investigation.
CF00336,1,1,0,2,553,553,0,151105.97,0.9697578295559336,TX06168490,TX06168490,A suspicious transaction was identified; additional evidence is required for further investigation.
CF00337,1,1,0,2,656,656,0,190672.27,0.9696059022927348,TX06282948,TX06282948,A suspicious transaction was identified; additional evidence is required for further investigation.
CF00338,1,1,0,2,415,415,0,191834.14,0.969584331269809,TX05988258,TX05988258,A suspicious transaction was identified; additional evidence is required for further investigation.
CF00339,1,1,0,2,557,557,0,188844.13,0.969561386033798,TX06168664,TX06168664,A suspicious transaction was identified; additional evidence is required for further investigation.
CF00340,1,1,0,2,532,532,0,188097.08,0.969561386033798,TX06118168,TX06118168,A suspicious transaction was identified; additional evidence is required for further investigation.
CF00341,1,1,0,2,601,601,0,204212.75,0.9694998628077232,TX06259870,TX06259870,A suspicious transaction was identified; additional evidence is required for further investigation.
CF00342,1,1,0,2,553,553,0,254528.76,0.9694625758548304,TX06168488,TX06168488,A suspicious transaction was identified; additional evidence is required for further investigation.
CF00343,1,1,0,2,553,553,0,244312.69,0.9694625758548304,TX06168492,TX06168492,A suspicious transaction was identified; additional evidence is required for further investigation.
CF00344,1,1,0,2,625,625,0,259103.16,0.9694625758548304,TX06272943,TX06272943,A suspicious transaction was identified; additional evidence is required for further investigation.
CF00345,1,1,0,2,578,578,0,190815.79,0.9690885072235385,TX06201654,TX06201654,A suspicious transaction was identified; additional evidence is required for further investigation.
CF00346,1,1,0,2,481,481,0,305183.84,0.9688456427226246,TX06039446,TX06039446,A suspicious transaction was identified; additional evidence is required for further investigation.
CF00347,1,1,0,2,650,650,0,50523.78,0.9688103609839348,TX06281786,TX06281786,A suspicious transaction was identified; additional evidence is required for further investigation.
CF00348,1,1,0,2,457,457,0,283415.1,0.9687973554939144,TX06019719,TX06019719,A suspicious transaction was identified; additional evidence is required for further investigation.
CF00349,1,1,0,2,505,505,0,345880.25,0.9686985957613798,TX06064277,TX06064277,A suspicious transaction was identified; additional evidence is required for further investigation.
CF00350,1,1,0,2,673,673,0,353524.96,0.9686985957613798,TX06296509,TX06296509,A suspicious transaction was identified; additional evidence is required for further investigation.
CF00351,1,1,0,2,552,552,0,85784.95,0.96858355980004,TX06167523,TX06167523,A suspicious transaction was identified; additional evidence is required for further investigation.
CF00352,1,1,0,2,408,408,0,86068.55,0.96858355980004,TX05984882,TX05984882,A suspicious transaction was identified; additional evidence is required for further investigation.
CF00353,1,1,0,2,626,626,0,55740.39,0.9685158449462972,TX06272957,TX06272957,A suspicious transaction was identified; additional evidence is required for further investigation.
CF00354,1,1,0,2,579,579,0,32372.82,0.968490269466614,TX06201834,TX06201834,A suspicious transaction was identified; additional evidence is required for further investigation.
CF00355,1,1,0,2,673,673,0,329055.47,0.9684571279850768,TX06296245,TX06296245,A suspicious transaction was identified; additional evidence is required for further investigation.
CF00356,1,1,0,2,626,626,0,32382.31,0.968177420090518,TX06272961,TX06272961,A suspicious transaction was identified; additional evidence is required for further investigation.
CF00357,1,1,0,2,434,434,0,32671.88,0.968177420090518,TX06008423,TX06008423,A suspicious transaction was identified; additional evidence is required for further investigation.
CF00358,1,1,0,2,697,697,0,289177.34,0.9676094840306998,TX06351068,TX06351068,A suspicious transaction was identified; additional evidence is required for further investigation.
CF00359,1,1,0,2,505,505,0,75679.06,0.9668105599245946,TX06064468,TX06064468,A suspicious transaction was identified; additional evidence is required for further investigation.
CF00360,1,1,0,2,505,505,0,76023.91,0.9668105599245946,TX06064282,TX06064282,A suspicious transaction was identified; additional evidence is required for further investigation.
CF00361,1,1,0,2,600,600,0,49434.25,0.966382975990926,TX06259034,TX06259034,A suspicious transaction was identified; additional evidence is required for further investigation.
CF00362,1,1,0,2,552,552,0,32315.69,0.9661884350691408,TX06167461,TX06167461,A suspicious transaction was identified; additional evidence is required for further investigation.
CF00363,1,1,0,2,408,408,0,54729.6,0.96599435507637,TX05983684,TX05983684,A suspicious transaction was identified; additional evidence is required for further investigation.
CF00364,1,2,1,3,576,592,16,427717.31,0.96599435507637,TX06201140,TX06201140;TX06229950,The available transaction evidence indicates a suspicious transactional pattern requiring further investigation.
CF00365,1,1,0,2,528,528,0,143332.46,0.9658628778784188,TX06117032,TX06117032,A suspicious transaction was identified; additional evidence is required for further investigation.
CF00366,1,2,1,3,528,544,16,594095.67,0.9658628778784188,TX06116596,TX06116596;TX06132241,The available transaction evidence indicates a suspicious transactional pattern requiring further investigation.
CF00367,1,1,0,2,626,626,0,44577.32,0.9656646508757236,TX06272959,TX06272959,A suspicious transaction was identified; additional evidence is required for further investigation.
CF00368,1,1,0,2,408,408,0,55607.64,0.9655294023072905,TX05981436,TX05981436,A suspicious transaction was identified; additional evidence is required for further investigation.
CF00369,1,1,0,2,552,552,0,45116.24,0.9632372658827149,TX06166980,TX06166980,A suspicious transaction was identified; additional evidence is required for further investigation.
CF00370,1,1,0,2,576,576,0,44499.22,0.9632372658827149,TX06200971,TX06200971,A suspicious transaction was identified; additional evidence is required for further investigation.
CF00371,1,1,0,2,507,507,0,7239986.95,0.9596794902826036,TX06064994,TX06064994,A suspicious transaction was identified; additional evidence is required for further investigation.
CF00372,1,1,0,2,701,701,0,1947831.96,0.959118697790402,TX06351215,TX06351215,A suspicious transaction was identified; additional evidence is required for further investigation.
CF00373,1,1,0,2,551,551,0,269521.76,0.9569262201476006,TX06166753,TX06166753,A suspicious transaction was identified; additional evidence is required for further investigation.
CF00374,1,1,0,2,527,527,0,266613.03,0.9569262201476006,TX06115664,TX06115664,A suspicious transaction was identified; additional evidence is required for further investigation.
CF00375,1,1,0,2,694,694,0,8980853.88,0.9568025380569531,TX06347064,TX06347064,A suspicious transaction was identified; additional evidence is required for further investigation.
CF00376,1,1,0,2,489,489,0,101081.12,0.9561895826951462,TX06040737,TX06040737,A suspicious transaction was identified; additional evidence is required for further investigation.
CF00377,1,1,0,2,513,513,0,100762.66,0.9561895826951462,TX06065319,TX06065319,A suspicious transaction was identified; additional evidence is required for further investigation.
CF00378,1,1,0,2,681,681,0,100503.74,0.9561895826951462,TX06301202,TX06301202,A suspicious transaction was identified; additional evidence is required for further investigation.
CF00379,1,1,0,2,407,407,0,258661.83,0.9557221556350338,TX05974061,TX05974061,A suspicious transaction was identified; additional evidence is required for further investigation.
CF00380,1,1,0,2,695,695,0,261486.43,0.9557221556350338,TX06349691,TX06349691,A suspicious transaction was identified; additional evidence is required for further investigation.
CF00381,1,1,0,2,681,681,0,59980.45,0.9555888251812136,TX06300611,TX06300611,A suspicious transaction was identified; additional evidence is required for further investigation.
CF00382,1,1,0,2,461,461,0,9746.13,0.9555344176270586,TX06020240,TX06020240,A suspicious transaction was identified; additional evidence is required for further investigation.
CF00383,1,1,0,2,558,558,0,4529.65,0.9555116646626608,TX06168688,TX06168688,A suspicious transaction was identified; additional evidence is required for further investigation.
CF00384,1,1,0,2,656,656,0,5349.74,0.9552071740512056,TX06282132,TX06282132,A suspicious transaction was identified; additional evidence is required for further investigation.
CF00385,1,1,0,2,487,487,0,17255.77,0.95512767477589,TX06039870,TX06039870,A suspicious transaction was identified; additional evidence is required for further investigation.
CF00386,1,1,0,2,630,630,0,17484.29,0.95512767477589,TX06273113,TX06273113,A suspicious transaction was identified; additional evidence is required for further investigation.
CF00387,1,1,0,2,582,582,0,3349.36,0.9549626712849972,TX06202239,TX06202239,A suspicious transaction was identified; additional evidence is required for further investigation.
CF00388,1,1,0,2,672,672,0,21332.46,0.9548946596809632,TX06296099,TX06296099,A suspicious transaction was identified; additional evidence is required for further investigation.
CF00389,1,1,0,2,585,585,0,161984.98,0.9546549605497112,TX06203497,TX06203497,A suspicious transaction was identified; additional evidence is required for further investigation.
CF00390,1,1,0,2,513,513,0,168033.36,0.9546549605497112,TX06065321,TX06065321,A suspicious transaction was identified; additional evidence is required for further investigation.
CF00391,1,1,0,2,513,513,0,159724.42,0.9546549605497112,TX06065317,TX06065317,A suspicious transaction was identified; additional evidence is required for further investigation.
CF00392,1,1,0,2,585,585,0,172296.98,0.9545112499371302,TX06203779,TX06203779,A suspicious transaction was identified; additional evidence is required for further investigation.
CF00393,1,1,0,2,680,680,0,28399.72,0.9543036234792508,TX06296757,TX06296757,A suspicious transaction was identified; additional evidence is required for further investigation.
CF00394,1,1,0,2,488,488,0,27696.89,0.9543036234792508,TX06040731,TX06040731,A suspicious transaction was identified; additional evidence is required for further investigation.
CF00395,1,1,0,2,608,608,0,27985.73,0.9543036234792508,TX06260212,TX06260212,A suspicious transaction was identified; additional evidence is required for further investigation.
CF00396,1,1,0,2,416,416,0,27276.07,0.9540677543829764,TX05989789,TX05989789,A suspicious transaction was identified; additional evidence is required for further investigation.
CF00397,1,1,0,2,487,487,0,27157.28,0.9540461833600508,TX06040605,TX06040605,A suspicious transaction was identified; additional evidence is required for further investigation.
CF00398,1,1,0,2,484,484,0,26654.46,0.9540461833600508,TX06039795,TX06039795,A suspicious transaction was identified; additional evidence is required for further investigation.
CF00399,1,1,0,2,582,582,0,27500.84,0.9540461833600508,TX06202034,TX06202034,A suspicious transaction was identified; additional evidence is required for further investigation.
CF00400,1,1,0,2,438,438,0,27286.66,0.9540461833600508,TX06008709,TX06008709,A suspicious transaction was identified; additional evidence is required for further investigation.
CF00401,1,1,0,2,681,681,0,141962.98,0.953967871268196,TX06298150,TX06298150,A suspicious transaction was identified; additional evidence is required for further investigation.
CF00402,1,1,0,2,652,652,0,740124.95,0.9537587860305412,TX06281804,TX06281804,A suspicious transaction was identified; additional evidence is required for further investigation.
CF00403,1,1,0,2,678,678,0,749316.7,0.9537587860305412,TX06296681,TX06296681,A suspicious transaction was identified; additional evidence is required for further investigation.
CF00404,1,1,0,2,505,505,0,745156.83,0.9537587860305412,TX06064513,TX06064513,A suspicious transaction was identified; additional evidence is required for further investigation.
CF00405,1,1,0,2,698,698,0,748726.81,0.9536895780359356,TX06351127,TX06351127,A suspicious transaction was identified; additional evidence is required for further investigation.
CF00406,1,1,0,2,416,416,0,740686.26,0.95346638501917,TX05990195,TX05990195,A suspicious transaction was identified; additional evidence is required for further investigation.
CF00407,1,1,0,2,705,705,0,120296.52,0.9531632583183928,TX06353028,TX06353028,A suspicious transaction was identified; additional evidence is required for further investigation.
CF00408,1,2,1,3,556,573,17,820942.23,0.9531414686526845,TX06168656,TX06168656;TX06196096,The available transaction evidence indicates a suspicious transactional pattern requiring further investigation.
CF00409,1,1,0,2,534,534,0,771024.82,0.9531414686526845,TX06118436,TX06118436,A suspicious transaction was identified; additional evidence is required for further investigation.
CF00410,1,1,0,2,557,557,0,776303.43,0.9531414686526845,TX06168668,TX06168668,A suspicious transaction was identified; additional evidence is required for further investigation.
CF00411,1,1,0,2,413,413,0,786278.72,0.9531414686526845,TX05988010,TX05988010,A suspicious transaction was identified; additional evidence is required for further investigation.
CF00412,1,1,0,2,581,581,0,801763.51,0.9531414686526845,TX06201904,TX06201904,A suspicious transaction was identified; additional evidence is required for further investigation.
CF00413,1,1,0,2,582,582,0,781988.85,0.9531414686526845,TX06201998,TX06201998,A suspicious transaction was identified; additional evidence is required for further investigation.
CF00414,1,1,0,2,507,507,0,781183.07,0.9531414686526845,TX06064987,TX06064987,A suspicious transaction was identified; additional evidence is required for further investigation.
CF00415,1,1,0,2,578,578,0,736677.36,0.9530164942909184,TX06201734,TX06201734,A suspicious transaction was identified; additional evidence is required for further investigation.
CF00416,1,1,0,2,608,608,0,780687.45,0.9528490676413134,TX06260574,TX06260574,A suspicious transaction was identified; additional evidence is required for further investigation.
CF00417,1,1,0,2,584,584,0,777448.03,0.9528490676413134,TX06202791,TX06202791,A suspicious transaction was identified; additional evidence is required for further investigation.
CF00418,1,1,0,2,633,633,0,125107.12,0.9528408036871064,TX06273169,TX06273169,A suspicious transaction was identified; additional evidence is required for further investigation.
CF00419,1,1,0,2,585,585,0,124989.14,0.9528408036871064,TX06203238,TX06203238,A suspicious transaction was identified; additional evidence is required for further investigation.
CF00420,1,1,0,2,681,681,0,126047.04,0.9528408036871064,TX06300632,TX06300632,A suspicious transaction was identified; additional evidence is required for further investigation.
CF00421,1,1,0,2,729,729,0,90026.9,0.9525678993776266,TX06362441,TX06362441,A suspicious transaction was identified; additional evidence is required for further investigation.
CF00422,1,1,0,2,461,461,0,830991.53,0.9524524088536644,TX06020277,TX06020277,A suspicious transaction was identified; additional evidence is required for further investigation.
CF00423,1,1,0,2,727,727,0,815384.83,0.9524524088536644,TX06362417,TX06362417,A suspicious transaction was identified; additional evidence is required for further investigation.
CF00424,1,1,0,2,585,585,0,144654.43,0.9523167996822052,TX06204584,TX06204584,A suspicious transaction was identified; additional evidence is required for further investigation.
CF00425,1,1,0,2,628,628,0,709950.57,0.9522286053440884,TX06272971,TX06272971,A suspicious transaction was identified; additional evidence is required for further investigation.
CF00426,1,1,0,2,536,536,0,624686.04,0.9522026453588048,TX06118812,TX06118812,A suspicious transaction was identified; additional evidence is required for further investigation.
CF00427,1,1,0,2,608,608,0,637197.74,0.9522026453588048,TX06260055,TX06260055,A suspicious transaction was identified; additional evidence is required for further investigation.
CF00428,1,1,0,2,580,580,0,628697.26,0.9521915682375904,TX06201890,TX06201890,A suspicious transaction was identified; additional evidence is required for further investigation.
CF00429,1,1,0,2,583,583,0,615398.61,0.9521915682375904,TX06202697,TX06202697,A suspicious transaction was identified; additional evidence is required for further investigation.
CF00430,1,1,0,2,535,535,0,606501.57,0.9521915682375904,TX06118804,TX06118804,A suspicious transaction was identified; additional evidence is required for further investigation.
CF00431,1,1,0,2,532,532,0,634046.89,0.9521915682375904,TX06118183,TX06118183,A suspicious transaction was identified; additional evidence is required for further investigation.
CF00432,1,1,0,2,487,487,0,609400.88,0.9521915682375904,TX06040022,TX06040022,A suspicious transaction was identified; additional evidence is required for further investigation.
CF00433,1,1,0,2,700,700,0,635409.32,0.9521915682375904,TX06351196,TX06351196,A suspicious transaction was identified; additional evidence is required for further investigation.
CF00434,1,1,0,2,576,576,0,8989.53,0.9521905628156674,TX06200944,TX06200944,A suspicious transaction was identified; additional evidence is required for further investigation.
CF00435,1,1,0,2,416,416,0,819256.31,0.9521600078422932,TX05990048,TX05990048,A suspicious transaction was identified; additional evidence is required for further investigation.
CF00436,1,1,0,2,697,697,0,620791.47,0.9521511946180528,TX06351064,TX06351064,A suspicious transaction was identified; additional evidence is required for further investigation.
CF00437,1,1,0,2,631,631,0,696575.46,0.9521008428476664,TX06273143,TX06273143,A suspicious transaction was identified; additional evidence is required for further investigation.
CF00438,1,1,0,2,557,557,0,839077.79,0.9520993122603836,TX06168662,TX06168662,A suspicious transaction was identified; additional evidence is required for further investigation.
CF00439,1,1,0,2,580,580,0,835770.84,0.9520993122603836,TX06201876,TX06201876,A suspicious transaction was identified; additional evidence is required for further investigation.
CF00440,1,1,0,2,726,726,0,834495.09,0.9520993122603836,TX06362405,TX06362405,A suspicious transaction was identified; additional evidence is required for further investigation.
CF00441,1,1,0,2,436,436,0,842554.02,0.9520993122603836,TX06008477,TX06008477,A suspicious transaction was identified; additional evidence is required for further investigation.
CF00442,1,1,0,2,510,510,0,844348.52,0.9520993122603836,TX06065289,TX06065289,A suspicious transaction was identified; additional evidence is required for further investigation.
CF00443,1,1,0,2,461,461,0,873356.47,0.9520993122603836,TX06020282,TX06020282,A suspicious transaction was identified; additional evidence is required for further investigation.
CF00444,1,1,0,2,531,531,0,834203.65,0.9520993122603836,TX06117952,TX06117952,A suspicious transaction was identified; additional evidence is required for further investigation.
CF00445,1,1,0,2,533,533,0,878034.02,0.9520993122603836,TX06118261,TX06118261,A suspicious transaction was identified; additional evidence is required for further investigation.
CF00446,1,1,0,2,481,481,0,832811.84,0.9520993122603836,TX06039450,TX06039450,A suspicious transaction was identified; additional evidence is required for further investigation.
CF00447,1,1,0,2,725,725,0,873322.61,0.9520993122603836,TX06362391,TX06362391,A suspicious transaction was identified; additional evidence is required for further investigation.
CF00448,1,1,0,2,457,457,0,879136.17,0.9520993122603836,TX06019725,TX06019725,A suspicious transaction was identified; additional evidence is required for further investigation.
CF00449,1,1,0,2,650,650,0,692654.27,0.952031634853061,TX06281780,TX06281780,A suspicious transaction was identified; additional evidence is required for further investigation.
CF00450,1,1,0,2,410,410,0,871745.76,0.952030104265778,TX05987909,TX05987909,A suspicious transaction was identified; additional evidence is required for further investigation.
CF00451,1,1,0,2,584,584,0,597806.2,0.952017045343652,TX06202843,TX06202843,A suspicious transaction was identified; additional evidence is required for further investigation.
CF00452,1,1,0,2,651,651,0,595558.89,0.9520059682224378,TX06281796,TX06281796,A suspicious transaction was identified; additional evidence is required for further investigation.
CF00453,1,1,0,2,436,436,0,591766.42,0.9520059682224378,TX06008483,TX06008483,A suspicious transaction was identified; additional evidence is required for further investigation.
CF00454,1,1,0,2,653,653,0,598426.68,0.9520059682224378,TX06281820,TX06281820,A suspicious transaction was identified; additional evidence is required for further investigation.
CF00455,1,1,0,2,577,577,0,600618.37,0.9519655946029,TX06201458,TX06201458,A suspicious transaction was identified; additional evidence is required for further investigation.
CF00456,1,1,0,2,673,673,0,601086.76,0.9519655946029,TX06296368,TX06296368,A suspicious transaction was identified; additional evidence is required for further investigation.
CF00457,1,1,0,2,408,408,0,745401.28,0.95195507885187,TX05987212,TX05987212,A suspicious transaction was identified; additional evidence is required for further investigation.
CF00458,1,1,0,2,536,536,0,844213.81,0.9518069112490124,TX06118818,TX06118818,A suspicious transaction was identified; additional evidence is required for further investigation.
CF00459,1,2,1,3,416,416,0,1218274.1199999999,0.9518069112490124,TX05989530,TX05989530;TX05990101,The available transaction evidence indicates a suspicious transactional pattern requiring further investigation.
CF00460,1,1,0,2,417,417,0,237776.02,0.9515833694370108,TX05990450,TX05990450,A suspicious transaction was identified; additional evidence is required for further investigation.
CF00461,1,1,0,2,681,681,0,232846.71,0.9515833694370108,TX06298445,TX06298445,A suspicious transaction was identified; additional evidence is required for further investigation.
CF00462,1,1,0,2,681,681,0,236355.24,0.9515833694370108,TX06300207,TX06300207,A suspicious transaction was identified; additional evidence is required for further investigation.
CF00463,1,1,0,2,648,648,0,774868.1,0.9513377614740134,TX06281499,TX06281499,A suspicious transaction was identified; additional evidence is required for further investigation.
CF00464,1,1,0,2,408,408,0,771867.89,0.9513377614740134,TX05981603,TX05981603,A suspicious transaction was identified; additional evidence is required for further investigation.
CF00465,1,1,0,2,696,696,0,803038.11,0.9512887282701804,TX06351060,TX06351060,A suspicious transaction was identified; additional evidence is required for further investigation.
CF00466,1,1,0,2,602,602,0,274125.77,0.950860821224887,TX06259915,TX06259915,A suspicious transaction was identified; additional evidence is required for further investigation.
CF00467,1,1,0,2,435,435,0,365332.78,0.950709115413993,TX06008431,TX06008431,A suspicious transaction was identified; additional evidence is required for further investigation.
CF00468,1,1,0,2,601,601,0,136306.95,0.9507069376311637,TX06259868,TX06259868,A suspicious transaction was identified; additional evidence is required for further investigation.
CF00469,1,1,0,2,409,409,0,137582.36,0.9507069376311637,TX05987516,TX05987516,A suspicious transaction was identified; additional evidence is required for further investigation.
CF00470,1,1,0,2,576,576,0,818639.22,0.9505996684711602,TX06201186,TX06201186,A suspicious transaction was identified; additional evidence is required for further investigation.
CF00471,1,1,0,2,408,408,0,819608.86,0.9505996684711602,TX05982733,TX05982733,A suspicious transaction was identified; additional evidence is required for further investigation.
CF00472,1,1,0,2,408,408,0,612880.97,0.9503878610589196,TX05986484,TX05986484,A suspicious transaction was identified; additional evidence is required for further investigation.
CF00473,1,1,0,2,600,600,0,612229.86,0.9503878610589196,TX06259032,TX06259032,A suspicious transaction was identified; additional evidence is required for further investigation.
CF00474,1,1,0,2,408,408,0,607505.09,0.9503878610589196,TX05981967,TX05981967,A suspicious transaction was identified; additional evidence is required for further investigation.
CF00475,1,1,0,2,408,408,0,619506.41,0.9503878610589196,TX05986470,TX05986470,A suspicious transaction was identified; additional evidence is required for further investigation.
CF00476,1,1,0,2,557,557,0,2719.66,0.9503485956683784,TX06168676,TX06168676,A suspicious transaction was identified; additional evidence is required for further investigation.
CF00477,1,1,0,2,552,552,0,692743.57,0.9502971356689952,TX06167694,TX06167694,A suspicious transaction was identified; additional evidence is required for further investigation.
CF00478,1,1,0,2,408,408,0,694543.61,0.9502971356689952,TX05979465,TX05979465,A suspicious transaction was identified; additional evidence is required for further investigation.
CF00479,1,1,0,2,408,408,0,851811.15,0.9502465718778792,TX05979830,TX05979830,A suspicious transaction was identified; additional evidence is required for further investigation.
CF00480,1,1,0,2,537,537,0,266546.68,0.9501370389151154,TX06118832,TX06118832,A suspicious transaction was identified; additional evidence is required for further investigation.
