case_id,transaction_id,original_row_number,step,type,amount,nameOrig,nameDest,suspicion_score,isFraud
CF00001,TX05989367,5989367,416,TRANSFER,102526.1,C354633951,C1284622724,0.9918249241108988,0
CF00002,TX06009078,6009078,439,TRANSFER,100840.93,C1044963294,C503182041,0.991803353087973,1
CF00003,TX06020321,6020321,462,TRANSFER,102464.68,C1418607659,C1595540217,0.991780407851962,1
CF00004,TX06272967,6272967,628,TRANSFER,99165.12,C334746460,C603653180,0.991780407851962,1
CF00005,TX06008683,6008683,437,TRANSFER,101392.92,C1484407499,C86900925,0.991780407851962,1
CF00006,TX06282922,6282922,656,TRANSFER,110528.53,C307234825,C949239257,0.9917794270858322,1
CF00007,TX06118810,6118810,536,TRANSFER,116974.87,C2132571279,C1626661706,0.9917639060824875,1
CF00008,TX06362435,6362435,728,TRANSFER,119143.75,C1171262237,C1229370593,0.9917639060824875,1
CF00009,TX06040075,6040075,487,TRANSFER,109799.71,C2014735304,C2119626317,0.9917578560629065,0
CF00010,TX06009347,6009347,439,TRANSFER,112656.24,C260785530,C1654926688,0.9917423350595616,1
CF00011,TX06040598,6040598,487,TRANSFER,119918.23,C332380219,C1662224076,0.9917423350595616,0
CF00012,TX06201879,6201879,580,TRANSFER,105861.07,C261904702,C152930989,0.9917349108268952,1
CF00013,TX06065202,6065202,509,TRANSFER,120411.9,C705419652,C252146807,0.9917193898235506,1
CF00014,TX06008693,6008693,437,TRANSFER,119041.12,C1641625877,C156225699,0.9917193898235506,1
CF00015,TX06168670,6168670,557,TRANSFER,111467.61,C1661252377,C948382009,0.9917193898235506,1
CF00016,TX05987983,5987983,413,TRANSFER,115085.31,C2039186549,C544794295,0.9917193898235506,1
CF00017,TX06351198,6351198,700,TRANSFER,113447.92,C1407322771,C1980457812,0.9917193898235506,1
CF00018,TX06201898,6201898,581,TRANSFER,121142.75,C27960358,C1910414505,0.9917193898235506,1
CF00019,TX06281828,6281828,654,TRANSFER,114627.08,C12780702,C548495641,0.9917193898235506,1
CF00020,TX06272975,6272975,629,TRANSFER,114253.58,C731677275,C1959262781,0.9917193898235506,1
CF00021,TX06201863,6201863,580,TRANSFER,112902.04,C378160298,C101700603,0.9917193898235506,0
CF00022,TX06020100,6020100,458,TRANSFER,102711.12,C1492694233,C787708019,0.9916704812903856,0
CF00023,TX06020089,6020089,458,TRANSFER,99800.58,C1888130573,C2137430706,0.9916704812903856,0
CF00024,TX06201740,6201740,578,TRANSFER,118106.94,C171913959,C610195484,0.9916094632619742,1
CF00025,TX06282670,6282670,656,TRANSFER,163814.89,C1185755818,C1003109944,0.9914815959480636,0
CF00026,TX06260460,6260460,608,TRANSFER,134428.83,C1997463623,C1823127125,0.9914698956993891,0
CF00027,TX06282986,6282986,656,TRANSFER,133772.53,C595774300,C1101444903,0.9914698956993891,0
CF00028,TX06259977,6259977,607,TRANSFER,135428.39,C212063008,C1363250093,0.9914483246764634,1
CF00029,TX06202691,6202691,583,TRANSFER,135100.36,C126999863,C1842013922,0.9914483246764634,1
CF00030,TX06260464,6260464,608,TRANSFER,160128.25,C677897356,C579739836,0.991443880668174,0
CF00031,TX06351250,6351250,704,TRANSFER,158788.32,C1342183875,C86858954,0.991443880668174,1
CF00032,TX06283290,6283290,656,TRANSFER,159789.58,C1914656620,C1100351482,0.991443880668174,0
CF00033,TX06065315,6065315,512,TRANSFER,127120.88,C139582618,C574551822,0.9914414514512012,1
CF00034,TX06020349,6020349,464,TRANSFER,125464.42,C132433393,C254097050,0.9914414514512012,1
CF00035,TX06118055,6118055,531,TRANSFER,163557.18,C1004562183,C1695361848,0.9914370796891268,0
CF00036,TX06020327,6020327,462,TRANSFER,167743.93,C579573451,C987393521,0.9914370796891268,1
CF00037,TX06168674,6168674,557,TRANSFER,131050.76,C1887371650,C1518001557,0.9914253794404524,1
CF00038,TX06281790,6281790,651,TRANSFER,130777.09,C527353912,C99611102,0.9914253794404524,1
CF00039,TX06168704,6168704,559,TRANSFER,127564.33,C315492632,C1866365124,0.9914198804282754,1
CF00040,TX06362421,6362421,727,TRANSFER,124582.58,C651444933,C1161818914,0.9914198804282754,1
CF00041,TX06008877,6008877,439,TRANSFER,127462.3,C863002123,C1135095050,0.9914198804282754,0
CF00042,TX06259931,6259931,603,TRANSFER,158879.1,C1226871955,C1363273657,0.991399364409237,1
CF00043,TX06351189,6351189,699,TRANSFER,162326.52,C1557504343,C404511346,0.991399364409237,1
CF00044,TX06281818,6281818,653,TRANSFER,128440.4,C144389176,C631598380,0.9913969351922644,1
CF00045,TX06351167,6351167,699,TRANSFER,129541.15,C2069396554,C804640291,0.9913969351922644,0
CF00046,TX06020273,6020273,461,TRANSFER,125153.57,C1460980455,C698942634,0.9913969351922644,1
CF00047,TX06362367,6362367,723,TRANSFER,128893.5,C690631136,C888357097,0.9913969351922644,1
CF00048,TX05987903,5987903,410,TRANSFER,124202.04,C1578453686,C1733479449,0.9912870086306882,1
CF00049,TX06019903,6019903,458,TRANSFER,167806.93,C1165837899,C2049883242,0.991278388569514,1
CF00050,TX06282180,6282180,656,TRANSFER,168808.97,C1900985415,C30612334,0.9912679354130866,0
CF00051,TX06351083,6351083,698,TRANSFER,131842.85,C1539304019,C1566175487,0.9912666883208398,1
CF00052,TX06039462,6039462,482,TRANSFER,132438.82,C677179162,C520559752,0.9912666883208398,1
CF00053,TX06168700,6168700,559,TRANSFER,175290.91,C651261892,C211349976,0.9912463643901608,1
CF00054,TX06296667,6296667,676,TRANSFER,171572.06,C1854902187,C920320326,0.9912234191541496,1
CF00055,TX06168708,6168708,560,TRANSFER,143275.81,C1645658263,C1494621207,0.9910896388664876,1
CF00056,TX06118820,6118820,536,TRANSFER,285382.07,C1799496993,C6772429,0.9910802933956268,1
CF00057,TX06296619,6296619,674,TRANSFER,171651.7,C582884877,C2136467775,0.9910647280345372,1
CF00058,TX06040184,6040184,487,TRANSFER,149827.94,C1315973457,C1262954718,0.991040544023112,0
CF00059,TX06201830,6201830,579,TRANSFER,150157.6,C1274544865,C1571596943,0.9910175987871008,1
CF00060,TX06259949,6259949,605,TRANSFER,147230.63,C1792208222,C809515393,0.9910175987871008,1
CF00061,TX06351146,6351146,699,TRANSFER,148714.54,C516969543,C2034859520,0.9910175987871008,1
CF00062,TX06260944,6260944,608,TRANSFER,277048.48,C190615987,C1904194298,0.9910162495378134,1
CF00063,TX06282223,6282223,656,TRANSFER,283121.68,C817947790,C1736479998,0.9910162495378134,1
CF00064,TX06282379,6282379,656,TRANSFER,281899.84,C873094964,C1621792349,0.9910162495378134,0
CF00065,TX06273118,6273118,630,TRANSFER,139207.39,C462399593,C580613412,0.9910002193591116,0
CF00066,TX05988203,5988203,413,TRANSFER,140333.35,C753726287,C1558494610,0.9910002193591116,1
CF00067,TX06296759,6296759,680,TRANSFER,227668.22,C874397913,C528730854,0.9909701625112646,1
CF00068,TX06283522,6283522,656,TRANSFER,231300.45,C936571495,C1872108225,0.9909701625112646,0
CF00069,TX06362429,6362429,728,TRANSFER,252667.75,C1221985222,C1246651614,0.9909701625112646,1
CF00070,TX05988632,5988632,416,TRANSFER,241711.95,C1296048212,C1433213687,0.9909701625112646,0
CF00071,TX06260351,6260351,608,TRANSFER,245596.88,C1625466042,C1704358454,0.9909701625112646,0
CF00072,TX06118814,6118814,536,TRANSFER,232565.37,C1429695579,C1381280025,0.9909701625112646,1
CF00073,TX05988790,5988790,416,TRANSFER,240934.31,C1376435016,C933162862,0.9909701625112646,0
CF00074,TX06260268,6260268,608,TRANSFER,258042.15,C2049157742,C1299720166,0.9909701625112646,0
CF00075,TX06362427,6362427,727,TRANSFER,276298.49,C2044117692,C71460104,0.9909564513342258,1
CF00076,TX06020335,6020335,463,TRANSFER,279826.54,C1042499011,C1660783549,0.9909564513342258,1
CF00077,TX05988937,5988937,416,TRANSFER,313439.92,C1459585754,C155151490,0.990935791759575,0
CF00078,TX06283176,6283176,656,TRANSFER,318385.29,C704475060,C597595416,0.990935791759575,0
CF00079,TX06282399,6282399,656,TRANSFER,316102.29,C2140304487,C492732650,0.990935791759575,0
CF00080,TX05989583,5989583,416,TRANSFER,293836.09,C1974885684,C749461772,0.990935791759575,0
CF00081,TX06259935,6259935,604,TRANSFER,277582.53,C2144116571,C570246252,0.9909335060982148,1
CF00082,TX06039799,6039799,485,TRANSFER,277485.25,C1505030258,C275418011,0.9909335060982148,1
CF00083,TX06201882,6201882,580,TRANSFER,282500.69,C937056998,C48363551,0.9909335060982148,1
CF00084,TX06009123,6009123,439,TRANSFER,241247.37,C1472092356,C656579094,0.990910364307677,0
CF00085,TX06281830,6281830,655,TRANSFER,253648.68,C1000036340,C1958275811,0.990910364307677,1
CF00086,TX06259973,6259973,607,TRANSFER,243348.28,C549929382,C897010793,0.990910364307677,1
CF00087,TX05988250,5988250,415,TRANSFER,224230.16,C1765991027,C791615814,0.990910364307677,1
CF00088,TX06040210,6040210,487,TRANSFER,321307.31,C509024717,C136074678,0.9909011598547296,1
CF00089,TX06020307,6020307,461,TRANSFER,227955.85,C32167725,C1980945664,0.990887419071666,1
CF00090,TX06281806,6281806,652,TRANSFER,258570.41,C1873532764,C205442516,0.990887419071666,1
CF00091,TX06020309,6020309,461,TRANSFER,226689.16,C1210027591,C673284647,0.990887419071666,1
CF00092,TX06168660,6168660,556,TRANSFER,227231.78,C1362477685,C396423191,0.990887419071666,1
CF00093,TX06118180,6118180,532,TRANSFER,254719.63,C1828919793,C1458046968,0.990887419071666,1
CF00094,TX06259945,6259945,605,TRANSFER,222213.27,C1789325014,C1793547874,0.990887419071666,1
CF00095,TX06259941,6259941,605,TRANSFER,247877.03,C1045305148,C673712025,0.990887419071666,1
CF00096,TX06259969,6259969,606,TRANSFER,228803.98,C98844007,C1849389849,0.990887419071666,1
CF00097,TX06351230,6351230,702,TRANSFER,240746.27,C1377043932,C868639312,0.990887419071666,1
CF00098,TX06168686,6168686,558,TRANSFER,244519.75,C189647886,C532681837,0.990887419071666,1
CF00099,TX06008805,6008805,439,TRANSFER,306419.73,C208491415,C2131363055,0.9908759935559874,1
CF00100,TX06039994,6039994,487,TRANSFER,293865.06,C1005853846,C1940738122,0.9908759935559874,0
CF00101,TX06040600,6040600,487,TRANSFER,295401.09,C998984164,C2052784138,0.9908759935559874,0
CF00102,TX06117877,6117877,530,TRANSFER,148680.12,C1687894218,C943795253,0.9908589076674884,1
CF00103,TX06168684,6168684,558,TRANSFER,316877.85,C350145239,C1384673123,0.9908530483199764,1
CF00104,TX06362399,6362399,726,TRANSFER,316882.94,C1238333344,C1708390598,0.9908530483199764,1
CF00105,TX06351228,6351228,702,TRANSFER,308778.37,C1035275557,C962802793,0.9908530483199764,1
CF00106,TX06351208,6351208,701,TRANSFER,306691.05,C1064966733,C467221336,0.9908530483199764,1
CF00107,TX06202042,6202042,582,TRANSFER,305710.24,C1833008968,C757160228,0.9908530483199764,1
CF00108,TX05988238,5988238,414,TRANSFER,298384.21,C787438846,C851575801,0.9908530483199764,1
CF00109,TX06362381,6362381,724,TRANSFER,309488.9,C296795076,C658980177,0.9908530483199764,1
CF00110,TX05988537,5988537,416,TRANSFER,262088.79,C736693342,C1661360177,0.9907753773628578,0
CF00111,TX06260124,6260124,608,TRANSFER,219927.04,C1752121390,C507737598,0.9907341616813424,0
CF00112,TX06260821,6260821,608,TRANSFER,210207.52,C1814515229,C427764735,0.9907341616813424,0
CF00113,TX06168706,6168706,560,TRANSFER,91655.26,C1578360070,C1156197482,0.99072033015326,1
CF00114,TX06282821,6282821,656,TRANSFER,90119.43,C1957206801,C1124650024,0.99072033015326,0
CF00115,TX06282960,6282960,656,TRANSFER,88068.59,C1108967369,C1951173367,0.99072033015326,0
CF00116,TX06362423,6362423,727,TRANSFER,263401.81,C806437930,C1469754483,0.99071557915927,1
CF00117,TX06040652,6040652,487,TRANSFER,93781.05,C209991081,C994509102,0.990698759130334,0
CF00118,TX05987931,5987931,411,TRANSFER,281023.82,C1500797086,C1892705319,0.990697900469236,1
CF00119,TX06020171,6020171,459,TRANSFER,277611.08,C1304518547,C230736806,0.990697900469236,1
CF00120,TX06281808,6281808,652,TRANSFER,92043.22,C1046754068,C254188443,0.9906758138943228,1
CF00121,TX06272983,6272983,629,TRANSFER,93884.26,C1105988166,C217954795,0.9906758138943228,1
CF00122,TX05987937,5987937,412,TRANSFER,87438.83,C1204602597,C419461239,0.9906758138943228,1
CF00123,TX06118584,6118584,534,TRANSFER,93166.13,C986271632,C1249695539,0.9906758138943228,0
CF00124,TX06351206,6351206,701,TRANSFER,91882.6,C2076485043,C696774092,0.9906758138943228,1
CF00125,TX06117974,6117974,531,TRANSFER,87594.77,C283579908,C2098925305,0.9906758138943228,0
CF00126,TX06362379,6362379,724,TRANSFER,89845.29,C795915077,C101606324,0.9906758138943228,1
CF00127,TX06020339,6020339,463,TRANSFER,219300.76,C60906417,C1482453836,0.990674363477755,1
CF00128,TX06008744,6008744,439,TRANSFER,203119.08,C1294508143,C1542262415,0.990674363477755,1
CF00129,TX06040480,6040480,487,TRANSFER,207297.71,C485136397,C326643290,0.990674363477755,0
CF00130,TX06201838,6201838,579,TRANSFER,254564.81,C1458012832,C1315489161,0.990651813442687,1
CF00131,TX06064983,6064983,507,TRANSFER,244153.94,C1613024092,C1699421282,0.990651813442687,1
CF00132,TX06064989,6064989,507,TRANSFER,227304.91,C472872329,C819459156,0.990651813442687,1
CF00133,TX06039815,6039815,486,TRANSFER,214793.32,C2140495649,C423543548,0.990651418241744,1
CF00134,TX05988234,5988234,414,TRANSFER,216000.95,C666284351,C1896227461,0.990651418241744,1
CF00135,TX06259939,6259939,604,TRANSFER,203848.61,C819849169,C213809105,0.990651418241744,1
CF00136,TX06064997,6064997,508,TRANSFER,218350.42,C1965622293,C632271407,0.990651418241744,1
CF00137,TX06168692,6168692,558,TRANSFER,209829.57,C955753523,C1528787754,0.990651418241744,1
CF00138,TX06020228,6020228,460,TRANSFER,217666.25,C2100813963,C2073514796,0.990651418241744,1
CF00139,TX06008497,6008497,436,TRANSFER,212053.69,C326714114,C953878049,0.990651418241744,0
CF00140,TX06118296,6118296,534,TRANSFER,209340.53,C447114205,C1658435419,0.990651418241744,1
CF00141,TX06008687,6008687,437,TRANSFER,207801.38,C654688690,C1092203712,0.990651418241744,1
CF00142,TX06282966,6282966,656,TRANSFER,151826.11,C1267106368,C1459823839,0.9906397135582442,0
CF00143,TX06362431,6362431,728,TRANSFER,287040.14,C601193350,C676682698,0.990626936289094,1
CF00144,TX06065299,6065299,511,TRANSFER,150929.12,C421782533,C2098308110,0.9906181425353184,1
CF00145,TX06118144,6118144,531,TRANSFER,305401.21,C1621871053,C69020134,0.9906174426909976,0
CF00146,TX06201900,6201900,581,TRANSFER,155002.83,C1691713014,C71357990,0.9906075820872604,1
CF00147,TX06020325,6020325,462,TRANSFER,155028.83,C750908080,C279725072,0.9906075820872604,1
CF00148,TX06020315,6020315,462,TRANSFER,151994.59,C1101966116,C1518422608,0.9905951972993072,1
CF00149,TX06040733,6040733,488,TRANSFER,326052.83,C726617458,C1996615895,0.9905472770220272,1
CF00150,TX06020355,6020355,464,TRANSFER,336917.97,C1108270870,C815315430,0.9905472770220272,1
CF00151,TX06296661,6296661,676,TRANSFER,327773.15,C505663484,C667256614,0.9904645335824284,1
CF00152,TX06201707,6201707,578,TRANSFER,152372.18,C305484258,C1150916602,0.990448890967648,1
CF00153,TX06351183,6351183,699,TRANSFER,215013.3,C29153340,C1227830084,0.990415812612765,1
CF00154,TX06283013,6283013,656,TRANSFER,201366.41,C853783480,C282618868,0.9903722780556136,0
CF00155,TX06283553,6283553,656,TRANSFER,340422.78,C1086826214,C1810189555,0.9903116713930484,0
CF00156,TX06168710,6168710,560,TRANSFER,357882.83,C496377670,C1095351700,0.9903116713930484,1
CF00157,TX06351244,6351244,704,TRANSFER,339152.24,C354542931,C144148136,0.9903116713930484,1
CF00158,TX06260297,6260297,608,TRANSFER,353094.9,C2132462996,C468074010,0.9903116713930484,1
CF00159,TX06281861,6281861,656,TRANSFER,342104.75,C1381640011,C608209188,0.9903116713930484,0
CF00160,TX05988543,5988543,416,TRANSFER,358139.46,C1948815491,C789344041,0.9903116713930484,0
CF00161,TX06351096,6351096,698,TRANSFER,282280.07,C1215313108,C950393795,0.9902679240696884,0
CF00162,TX05987911,5987911,410,TRANSFER,281439.26,C608125181,C1857424764,0.9902679240696884,1
CF00163,TX06351234,6351234,703,TRANSFER,337287.72,C1022326247,C426683536,0.9902518731894606,1
CF00164,TX06040343,6040343,487,TRANSFER,352830.37,C2073202225,C1816128700,0.9902518731894606,0
CF00165,TX06296686,6296686,679,TRANSFER,350095.73,C554898484,C1879344125,0.9902518731894606,0
CF00166,TX05988021,5988021,413,TRANSFER,341441.17,C570894780,C1123063194,0.9902289279534496,1
CF00167,TX06351194,6351194,700,TRANSFER,346103.09,C1280889353,C1483476946,0.9902289279534496,1
CF00168,TX06064999,6064999,508,TRANSFER,350233.08,C325422027,C434577794,0.9902289279534496,1
CF00169,TX06259917,6259917,602,TRANSFER,232185.56,C1693098811,C1196187420,0.9902218370431396,1
CF00170,TX06281788,6281788,650,TRANSFER,230652.43,C1117030253,C1682998072,0.9902218370431396,1
CF00171,TX06296627,6296627,674,TRANSFER,306505.03,C1263270388,C1682837387,0.99018746629145,1
CF00172,TX06039466,6039466,482,TRANSFER,296186.51,C792080112,C1606793865,0.99018746629145,1
CF00173,TX05987915,5987915,410,TRANSFER,206985.26,C1041263133,C6898692,0.9901785394314844,1
CF00174,TX06282938,6282938,656,TRANSFER,291788.22,C122371038,C709322115,0.9901023963846204,0
CF00175,TX06168502,6168502,554,TRANSFER,353785.26,C2082156144,C1041223833,0.9900404193302051,1
CF00176,TX06168510,6168510,554,TRANSFER,346795.44,C1744798972,C815065594,0.9900404193302051,1
CF00177,TX06202683,6202683,583,TRANSFER,333390.18,C1517430908,C268696158,0.9900103043783808,1
CF00178,TX06362397,6362397,726,TRANSFER,54584.29,C181783158,C1857371794,0.9891948711858944,1
CF00179,TX06167393,6167393,552,TRANSFER,97257.35,C1651311170,C717013314,0.9891426281867192,0
CF00180,TX06117069,6117069,528,TRANSFER,99557.19,C10148012,C419520335,0.9891426281867192,0
CF00181,TX06008447,6008447,436,TRANSFER,59841.44,C1440545718,C1822077806,0.9891187828811776,1
CF00182,TX05982319,5982319,408,TRANSFER,106801.39,C2146270345,C1586579971,0.9890971311616524,0
CF00183,TX06117676,6117676,530,TRANSFER,289470.8,C1244885871,C491492183,0.9890800526064736,0
CF00184,TX06260790,6260790,608,TRANSFER,51206.85,C1837221323,C675521321,0.9890689507133894,0
CF00185,TX06273157,6273157,632,TRANSFER,52541.42,C174237554,C974759486,0.9890689507133894,1
CF00186,TX06040729,6040729,488,TRANSFER,50279.4,C260298539,C1861429530,0.9890689507133894,1
CF00187,TX06281822,6281822,654,TRANSFER,48712.12,C1730244452,C1093803514,0.9890244344544524,1
CF00188,TX06039801,6039801,485,TRANSFER,53107.96,C1398662623,C840864986,0.9890244344544524,1
CF00189,TX06065271,6065271,509,TRANSFER,50688.81,C717925683,C1592715581,0.9890244344544524,0
CF00190,TX05987956,5987956,413,TRANSFER,53663.58,C72318929,C1858193213,0.9889867191745628,0
CF00191,TX06362357,6362357,722,TRANSFER,59263.88,C2141452552,C1620015007,0.988863990843689,1
CF00192,TX06260336,6260336,608,TRANSFER,60254.38,C402222883,C1129885560,0.9887734457478728,0
CF00193,TX06168702,6168702,559,TRANSFER,55539.89,C923707754,C1301961209,0.988752863652826,1
CF00194,TX06040008,6040008,487,TRANSFER,60021.36,C1197118195,C1223987673,0.9887518747249469,0
CF00195,TX06008707,6008707,438,TRANSFER,60274.87,C609191731,C613117727,0.9887289294889358,1
CF00196,TX06259975,6259975,607,TRANSFER,56888.23,C1889751415,C1655398202,0.9886767753481094,1
CF00197,TX06259963,6259963,606,TRANSFER,57588.67,C1367270224,C1706801590,0.9886538301120984,1
CF00198,TX06020215,6020215,460,TRANSFER,58058.98,C155431672,C1327043210,0.9886538301120984,1
CF00199,TX06201645,6201645,578,TRANSFER,60633.76,C1782791756,C2094676196,0.9884741374514472,1
CF00200,TX06167267,6167267,552,TRANSFER,89734.85,C44779008,C1839447729,0.9881347406494648,0
CF00201,TX05988342,5988342,416,TRANSFER,63576.8,C262987068,C1151768218,0.9876884029271048,0
CF00202,TX05989567,5989567,416,TRANSFER,79076.14,C1720013416,C431840204,0.9876826140304564,1
CF00203,TX06273161,6273161,632,TRANSFER,82209.71,C2014216295,C2066467731,0.9876826140304564,1
CF00204,TX06282969,6282969,656,TRANSFER,84007.22,C579843849,C1006401921,0.9876826140304564,1
CF00205,TX05988684,5988684,416,TRANSFER,79281.49,C1280961793,C2020826095,0.9876826140304564,0
CF00206,TX06202904,6202904,584,TRANSFER,84090.35,C701592968,C1253749167,0.9876826140304564,0
CF00207,TX06118806,6118806,535,TRANSFER,72878.02,C1068111301,C124815861,0.987666831904179,1
CF00208,TX06362425,6362425,727,TRANSFER,69039.64,C922622756,C417851521,0.987666831904179,1
CF00209,TX06009149,6009149,439,TRANSFER,75906.18,C62372426,C989755277,0.9876610430075304,0
CF00210,TX06281798,6281798,651,TRANSFER,65494.78,C504273308,C1723740840,0.987643886668168,1
CF00211,TX06362389,6362389,724,TRANSFER,72389.42,C369360182,C1892199981,0.987643886668168,1
CF00212,TX06351200,6351200,701,TRANSFER,74581.07,C841535427,C1628153778,0.987643886668168,1
CF00213,TX06020319,6020319,462,TRANSFER,67921.66,C244092764,C1927485075,0.987643886668168,1
CF00214,TX06351186,6351186,699,TRANSFER,62372.43,C2003289304,C7749792,0.987643886668168,1
CF00215,TX06362373,6362373,723,TRANSFER,72955.08,C1722101892,C1880386653,0.987643886668168,1
CF00216,TX06039791,6039791,484,TRANSFER,67692.41,C1373191789,C542398643,0.987643886668168,1
CF00217,TX06168666,6168666,557,TRANSFER,74709.4,C171758172,C1650736473,0.987643886668168,1
CF00218,TX06020195,6020195,460,TRANSFER,76548.48,C2008095547,C2016906281,0.9876380977715192,1
CF00219,TX06281812,6281812,652,TRANSFER,80397.86,C1839358501,C1153377397,0.9876380977715192,1
CF00220,TX06362415,6362415,726,TRANSFER,76960.91,C494375447,C205627082,0.9876380977715192,1
CF00221,TX06039537,6039537,483,TRANSFER,83086.42,C595557833,C1288275290,0.9876380977715192,0
CF00222,TX06351212,6351212,701,TRANSFER,79581.24,C438236992,C1490705350,0.9876380977715192,1
CF00223,TX05985135,5985135,408,TRANSFER,119101.48,C934221066,C1581109725,0.987608019610978,0
CF00224,TX06116903,6116903,528,TRANSFER,115457.96,C981857245,C1018160938,0.987608019610978,0
CF00225,TX06039460,6039460,482,TRANSFER,75659.33,C807173004,C1577384296,0.9875281712099432,1
CF00226,TX06296629,6296629,674,TRANSFER,64083.54,C1212154134,C426812212,0.9873890946306794,1
CF00227,TX06281776,6281776,650,TRANSFER,71666.93,C1545632149,C1733725096,0.9873890946306794,1
CF00228,TX06201661,6201661,578,TRANSFER,68755.57,C1864986190,C1994735820,0.9873890946306794,1
CF00229,TX05980737,5980737,408,TRANSFER,128836.73,C1290253844,C1512029806,0.987285564979692,0
CF00230,TX05980425,5980425,408,TRANSFER,125757.48,C1444682972,C157812889,0.987285564979692,0
CF00231,TX05981990,5981990,408,TRANSFER,131813.28,C1005310438,C1634246217,0.9872368004216558,0
CF00232,TX05987221,5987221,408,TRANSFER,130708.85,C330714114,C1083917021,0.9872368004216558,0
CF00233,TX06283786,6283786,656,TRANSFER,44038.05,C1336992209,C1777552855,0.985778375129266,0
CF00234,TX06040580,6040580,487,TRANSFER,43698.12,C719288859,C597832040,0.98575680410634,0
CF00235,TX05988264,5988264,415,TRANSFER,37766.23,C1853390476,C1785352620,0.985745450415418,1
CF00236,TX06202670,6202670,582,TRANSFER,47662.13,C1611252661,C1335840122,0.9857338588703288,1
CF00237,TX06065070,6065070,509,TRANSFER,40836.05,C434841874,C1134131764,0.9857338588703288,1
CF00238,TX06296634,6296634,675,TRANSFER,43440.97,C587426597,C1630185413,0.9857338588703288,1
CF00239,TX06039777,6039777,483,TRANSFER,44928.02,C806389274,C1017558692,0.9857338588703288,0
CF00240,TX06351178,6351178,699,TRANSFER,37754.83,C2121582092,C173072070,0.9857225051794072,0
CF00241,TX06259925,6259925,603,TRANSFER,39247.74,C1777586207,C1509442679,0.9857225051794072,1
CF00242,TX06039470,6039470,482,TRANSFER,37831.15,C1162461767,C1883074444,0.9856532971848018,1
CF00243,TX06282118,6282118,656,TRANSFER,46291.81,C1608445918,C797035468,0.9855380929557924,1
CF00244,TX06281832,6281832,655,TRANSFER,45758.71,C454963917,C1328313675,0.9855165219328664,1
CF00245,TX06020167,6020167,459,TRANSFER,46130.88,C1045907901,C1384446029,0.9854935766968554,1
CF00246,TX06020323,6020323,462,TRANSFER,46190.9,C2067653411,C1402116137,0.9854935766968554,1
CF00247,TX06201076,6201076,576,TRANSFER,60683.74,C409929063,C1657975477,0.9854876948124404,0
CF00248,TX06362347,6362347,720,TRANSFER,57040.65,C1257271049,C1648581117,0.985453314002574,1
CF00249,TX06116754,6116754,528,TRANSFER,56134.97,C2012890189,C551318071,0.985453314002574,0
CF00250,TX05984911,5984911,408,TRANSFER,80075.43,C477531329,C726910491,0.9850970245266611,0
CF00251,TX06362339,6362339,720,TRANSFER,79039.81,C1468845762,C1226285099,0.9850970245266611,1
CF00252,TX06019709,6019709,456,TRANSFER,79717.14,C1726453809,C1824298603,0.9850970245266611,1
CF00253,TX06362345,6362345,720,TRANSFER,71439.81,C170506678,C1141419100,0.9843543574949974,1
CF00254,TX06167294,6167294,552,TRANSFER,72217.07,C1179015950,C1781720684,0.9843543574949974,0
CF00255,TX06272927,6272927,624,TRANSFER,69912.57,C301833514,C1887464213,0.9843543574949974,1
CF00256,TX06296103,6296103,672,TRANSFER,42702.92,C1726069030,C258512943,0.9832372658827148,0
CF00257,TX06351058,6351058,696,TRANSFER,44044.79,C840857519,C227745281,0.9832372658827148,1
CF00258,TX06019713,6019713,456,TRANSFER,38180.99,C556813703,C1076802652,0.9832259121917928,1
CF00259,TX05982381,5982381,408,TRANSFER,35016.6,C168331336,C1188467987,0.9832259121917928,0
CF00260,TX06362341,6362341,720,TRANSFER,40075.02,C1996558397,C2122089181,0.9832259121917928,1
CF00261,TX06362403,6362403,726,TRANSFER,9065.44,C1416286172,C1369860809,0.9756154707420812,1
CF00262,TX06272981,6272981,629,TRANSFER,7922.98,C329603302,C1896146009,0.9753786795102728,1
CF00263,TX06351238,6351238,703,TRANSFER,13024.95,C641545226,C1380751348,0.975243265716556,1
CF00264,TX05988254,5988254,415,TRANSFER,13659.45,C1238777492,C873898487,0.97522169469363,1
CF00265,TX06117984,6117984,531,TRANSFER,13074.53,C56420164,C840005543,0.974848638581927,1
CF00266,TX06296196,6296196,673,CASH_OUT,897875.35,C1479974036,C1078117334,0.9747353505942334,1
CF00267,TX06008689,6008689,437,TRANSFER,16207.04,C730998900,C1043597983,0.974648486118958,1
CF00268,TX06260575,6260575,608,CASH_OUT,780687.45,C112638782,C221378791,0.9739592947036848,1
CF00269,TX06008818,6008818,439,TRANSFER,14374.32,C1779390537,C1909289685,0.9737406235370384,0
CF00270,TX06201470,6201470,577,CASH_OUT,763170.76,C1902876077,C864236269,0.9736726722681326,1
CF00271,TX06259281,6259281,601,TRANSFER,3222.58,C1160703895,C1448384954,0.9730887168590248,0
CF00272,TX06281800,6281800,652,TRANSFER,762782.66,C1580037772,C1784796594,0.9730615979860664,1
CF00273,TX06362401,6362401,726,TRANSFER,765104.94,C106165599,C423074299,0.9730615979860664,1
CF00274,TX06201469,6201469,577,TRANSFER,763170.76,C578629553,C249184120,0.9730615979860664,1
CF00275,TX06202693,6202693,583,TRANSFER,759701.03,C382272679,C1390800148,0.9730615979860664,1
CF00276,TX06201210,6201210,577,TRANSFER,681525.62,C1600390479,C909892782,0.973035259223812,1
CF00277,TX06065305,6065305,512,TRANSFER,684266.09,C1873188115,C315115812,0.9727832318319786,1
CF00278,TX06282441,6282441,656,TRANSFER,766257.55,C904749186,C1046618860,0.9727691969746952,1
CF00279,TX06202457,6202457,582,TRANSFER,123068.56,C606718954,C1958299388,0.971783592580439,0
CF00280,TX06362393,6362393,725,TRANSFER,123259.24,C1518086244,C1924072555,0.971783592580439,1
CF00281,TX06065214,6065214,509,TRANSFER,123468.32,C1496306510,C1670408875,0.971783592580439,0
CF00282,TX06020041,6020041,458,TRANSFER,123492.34,C54607908,C1713146493,0.9716736660188628,0
CF00283,TX06260425,6260425,608,TRANSFER,136331.05,C1043256763,C1819996738,0.9716562005432492,1
CF00284,TX06362371,6362371,723,TRANSFER,138373.64,C1343135760,C946275837,0.9716116842843124,1
CF00285,TX06118419,6118419,534,TRANSFER,136245.39,C98283050,C1232672480,0.9716116842843124,1
CF00286,TX06039793,6039793,484,TRANSFER,156220.74,C1677319859,C581356334,0.9715790752961888,1
CF00287,TX06259933,6259933,604,TRANSFER,714218.48,C454938739,C482986731,0.971522035193558,1
CF00288,TX06008691,6008691,437,TRANSFER,4716.08,C316065946,C900839253,0.971487526888058,1
CF00289,TX05987976,5987976,413,TRANSFER,4028.63,C2034927952,C1397575341,0.971432512336626,0
CF00290,TX06296761,6296761,680,TRANSFER,272716.64,C1539029017,C546068796,0.9713688645195384,1
CF00291,TX06117977,6117977,531,TRANSFER,4791.06,C923057067,C247187997,0.9713327208591356,1
CF00292,TX06008768,6008768,439,TRANSFER,272879.16,C1945874065,C1568341732,0.9713090663159508,0
CF00293,TX06020165,6020165,459,TRANSFER,4153.02,C1504417393,C413981813,0.9712777063077034,1
CF00294,TX06019711,6019711,456,TRANSFER,760984.58,C1733734380,C1612257977,0.9712578908073952,1
CF00295,TX06065313,6065313,512,TRANSFER,718350.64,C1354307131,C2111981728,0.9712296341821868,1
CF00296,TX06020353,6020353,464,TRANSFER,86111.65,C2018450953,C1122913595,0.9711691493038352,1
CF00297,TX06351144,6351144,699,TRANSFER,84480.05,C144024686,C241184394,0.9711246330448984,1
CF00298,TX05989993,5989993,416,TRANSFER,143642.7,C1910792336,C1799308978,0.9711004420968844,0
CF00299,TX06039809,6039809,486,TRANSFER,143500.62,C1190315879,C1109288229,0.9710559258379476,1
CF00300,TX06065295,6065295,510,TRANSFER,177137.79,C1539613036,C1789883459,0.9709874183242276,1
CF00301,TX06008705,6008705,438,TRANSFER,176776.55,C1282030759,C2119586471,0.9709874183242276,1
CF00302,TX06259817,6259817,601,TRANSFER,98099.07,C1586252817,C423322656,0.9709528700050372,1
CF00303,TX05989246,5989246,416,TRANSFER,266852.75,C1974258808,C1017246869,0.9709397718262855,0
CF00304,TX06351062,6351062,697,TRANSFER,106850.22,C1061461549,C1278604437,0.9709073729799704,1
CF00305,TX06201415,6201415,577,TRANSFER,113687.0,C379022466,C1223894198,0.970891851976626,1
CF00306,TX06064662,6064662,505,TRANSFER,115332.43,C1179103687,C2087365203,0.970891851976626,0
CF00307,TX06259947,6259947,605,TRANSFER,251118.04,C1837848776,C119259664,0.970887419071666,1
CF00308,TX06259971,6259971,607,TRANSFER,265680.73,C871433982,C7350276,0.9708799736226978,1
CF00309,TX06351150,6351150,699,TRANSFER,257643.59,C309297026,C2081259491,0.9706518134426873,1
CF00310,TX06064090,6064090,505,TRANSFER,164143.4,C1630910550,C193517427,0.9705997119457532,0
CF00311,TX06039444,6039444,481,TRANSFER,130668.56,C349322282,C1470984619,0.9705206327873036,1
CF00312,TX06259953,6259953,605,TRANSFER,269692.53,C1709469664,C1444170043,0.9704860688799904,1
CF00313,TX06040166,6040166,487,TRANSFER,196669.44,C703038598,C142827476,0.9703943448984332,0
CF00314,TX06040238,6040238,487,TRANSFER,197765.93,C1335228103,C1821542364,0.9703943448984332,0
CF00315,TX06296740,6296740,679,TRANSFER,198383.8,C604057194,C1016011422,0.9703943448984332,1
CF00316,TX06259116,6259116,601,TRANSFER,169932.87,C723919111,C1574938947,0.970386051410776,0
CF00317,TX06019717,6019717,457,TRANSFER,173020.24,C202768349,C568155079,0.970386051410776,1
CF00318,TX05987653,5987653,409,TRANSFER,175972.28,C729569848,C684459901,0.970386051410776,1
CF00319,TX06296679,6296679,678,TRANSFER,194876.96,C483764611,C1709387951,0.9703713996624224,1
CF00320,TX06362377,6362377,724,TRANSFER,200482.72,C1392628098,C1996959376,0.9703713996624224,1
CF00321,TX05987929,5987929,411,TRANSFER,365069.45,C337746955,C1144989996,0.9703224580258184,1
CF00322,TX05981183,5981183,408,TRANSFER,689093.02,C1184196003,C1596852893,0.9702971356689952,0
CF00323,TX05981197,5981197,408,TRANSFER,689650.17,C644997969,C1580087344,0.9702971356689952,0
CF00324,TX06064981,6064981,507,TRANSFER,269476.09,C1998191223,C1458219596,0.9702504632510114,1
CF00325,TX06019899,6019899,458,TRANSFER,256556.98,C2126395117,C999470580,0.9702218370431396,1
CF00326,TX06201286,6201286,577,TRANSFER,141730.2,C1677850525,C607738036,0.9701403759544018,1
CF00327,TX06296580,6296580,673,TRANSFER,145067.24,C779070878,C286939302,0.9701128521339522,1
CF00328,TX05987536,5987536,409,TRANSFER,149726.72,C599038760,C1706029130,0.9701128521339522,0
CF00329,TX06064909,6064909,505,TRANSFER,146638.62,C773742635,C1537968166,0.9701128521339522,0
CF00330,TX06281570,6281570,649,TRANSFER,150205.64,C1014484059,C1745685493,0.9701128521339522,1
CF00331,TX06019721,6019721,457,TRANSFER,145482.09,C1089341002,C1168895160,0.9701128521339522,1
CF00332,TX06008417,6008417,433,TRANSFER,5270.57,C1852767807,C18879780,0.9700958493464528,1
CF00333,TX06117850,6117850,530,TRANSFER,194420.1,C1495909535,C359488425,0.9698985208521628,0
CF00334,TX06201756,6201756,578,TRANSFER,195562.98,C2030633531,C1537336209,0.9698985208521628,1
CF00335,TX06259434,6259434,601,TRANSFER,93253.25,C276457586,C871887337,0.9698482760473982,1
CF00336,TX06168490,6168490,553,TRANSFER,151105.97,C645970717,C10677720,0.9697578295559336,1
CF00337,TX06282948,6282948,656,TRANSFER,190672.27,C131140023,C515164354,0.9696059022927348,0
CF00338,TX05988258,5988258,415,TRANSFER,191834.14,C80491623,C1674773109,0.969584331269809,1
CF00339,TX06168664,6168664,557,TRANSFER,188844.13,C1958670415,C1200309573,0.969561386033798,1
CF00340,TX06118168,6118168,532,TRANSFER,188097.08,C1984333377,C382299931,0.969561386033798,1
CF00341,TX06259870,6259870,601,TRANSFER,204212.75,C1544280274,C2139381693,0.9694998628077232,0
CF00342,TX06168488,6168488,553,TRANSFER,254528.76,C1413607654,C519703316,0.9694625758548304,1
CF00343,TX06168492,6168492,553,TRANSFER,244312.69,C1640049585,C542321512,0.9694625758548304,1
CF00344,TX06272943,6272943,625,TRANSFER,259103.16,C1860471678,C949934281,0.9694625758548304,1
CF00345,TX06201654,6201654,578,TRANSFER,190815.79,C1501869620,C1000367306,0.9690885072235385,1
CF00346,TX06039446,6039446,481,TRANSFER,305183.84,C1457867360,C1143524875,0.9688456427226246,1
CF00347,TX06281786,6281786,650,TRANSFER,50523.78,C1539163115,C49597857,0.9688103609839348,1
CF00348,TX06019719,6019719,457,TRANSFER,283415.1,C828404341,C1030933184,0.9687973554939144,1
CF00349,TX06064277,6064277,505,TRANSFER,345880.25,C131443635,C1219552842,0.9686985957613798,0
CF00350,TX06296509,6296509,673,TRANSFER,353524.96,C988067856,C1301777263,0.9686985957613798,0
CF00351,TX06167523,6167523,552,TRANSFER,85784.95,C1962104757,C743968658,0.96858355980004,0
CF00352,TX05984882,5984882,408,TRANSFER,86068.55,C522241738,C1369399040,0.96858355980004,0
CF00353,TX06272957,6272957,626,TRANSFER,55740.39,C1190793859,C31746489,0.9685158449462972,1
CF00354,TX06201834,6201834,579,TRANSFER,32372.82,C1312636878,C1253283859,0.968490269466614,1
CF00355,TX06296245,6296245,673,TRANSFER,329055.47,C1091119024,C538971825,0.9684571279850768,1
CF00356,TX06272961,6272961,626,TRANSFER,32382.31,C419450286,C1968828091,0.968177420090518,1
CF00357,TX06008423,6008423,434,TRANSFER,32671.88,C1710865809,C1882736497,0.968177420090518,1
CF00358,TX06351068,6351068,697,TRANSFER,289177.34,C1784743677,C1686059852,0.9676094840306998,1
CF00359,TX06064468,6064468,505,TRANSFER,75679.06,C1832605180,C1079322933,0.9668105599245946,0
CF00360,TX06064282,6064282,505,TRANSFER,76023.91,C490374553,C1297734948,0.9668105599245946,0
CF00361,TX06259034,6259034,600,TRANSFER,49434.25,C267476912,C428290761,0.966382975990926,1
CF00362,TX06167461,6167461,552,TRANSFER,32315.69,C804260841,C400597900,0.9661884350691408,0
CF00363,TX05983684,5983684,408,TRANSFER,54729.6,C1922457782,C394027598,0.96599435507637,0
CF00364,TX06201140,6201140,576,TRANSFER,54527.06,C1758270835,C1095163854,0.96599435507637,0
CF00365,TX06117032,6117032,528,TRANSFER,143332.46,C32825286,C1706044905,0.9658628778784188,0
CF00366,TX06116596,6116596,528,TRANSFER,140508.91,C1044594192,C2096394167,0.9658628778784188,0
CF00367,TX06272959,6272959,626,TRANSFER,44577.32,C2086578644,C811242646,0.9656646508757236,1
CF00368,TX05981436,5981436,408,TRANSFER,55607.64,C1245699955,C1807962332,0.9655294023072905,0
CF00369,TX06166980,6166980,552,TRANSFER,45116.24,C1739041636,C1705990393,0.9632372658827149,1
CF00370,TX06200971,6200971,576,TRANSFER,44499.22,C772459026,C410708976,0.9632372658827149,0
CF00371,TX06064994,6064994,507,CASH_OUT,7239986.95,C116882584,C2083647720,0.9596794902826036,1
CF00372,TX06351215,6351215,701,CASH_OUT,1947831.96,C948133316,C1195105937,0.959118697790402,1
CF00373,TX06166753,6166753,551,TRANSFER,269521.76,C1384656427,C691796863,0.9569262201476006,0
CF00374,TX06115664,6115664,527,TRANSFER,266613.03,C1327514402,C845149172,0.9569262201476006,0
CF00375,TX06347064,6347064,694,CASH_OUT,8980853.88,C822799769,C2068912679,0.9568025380569531,1
CF00376,TX06040737,6040737,489,TRANSFER,101081.12,C289774611,C359505480,0.9561895826951462,1
CF00377,TX06065319,6065319,513,TRANSFER,100762.66,C1956153876,C515991541,0.9561895826951462,1
CF00378,TX06301202,6301202,681,TRANSFER,100503.74,C61200969,C394291369,0.9561895826951462,0
CF00379,TX05974061,5974061,407,TRANSFER,258661.83,C1613417144,C1053724105,0.9557221556350338,0
CF00380,TX06349691,6349691,695,TRANSFER,261486.43,C1398407053,C1092215613,0.9557221556350338,0
CF00381,TX06300611,6300611,681,TRANSFER,59980.45,C1042775207,C2144873461,0.9555888251812136,0
CF00382,TX06020240,6020240,461,TRANSFER,9746.13,C688098096,C1098438303,0.9555344176270586,0
CF00383,TX06168688,6168688,558,TRANSFER,4529.65,C954298206,C18650773,0.9555116646626608,1
CF00384,TX06282132,6282132,656,TRANSFER,5349.74,C70903191,C1341550882,0.9552071740512056,1
CF00385,TX06039870,6039870,487,TRANSFER,17255.77,C1797802208,C608346897,0.95512767477589,0
CF00386,TX06273113,6273113,630,TRANSFER,17484.29,C1843342943,C1534517303,0.95512767477589,1
CF00387,TX06202239,6202239,582,TRANSFER,3349.36,C1187597439,C1420667306,0.9549626712849972,0
CF00388,TX06296099,6296099,672,TRANSFER,21332.46,C899485739,C1469356710,0.9548946596809632,1
CF00389,TX06203497,6203497,585,TRANSFER,161984.98,C492560473,C1255308065,0.9546549605497112,0
CF00390,TX06065321,6065321,513,TRANSFER,168033.36,C1780909298,C1196822116,0.9546549605497112,1
CF00391,TX06065317,6065317,513,TRANSFER,159724.42,C525368307,C576603787,0.9546549605497112,1
CF00392,TX06203779,6203779,585,TRANSFER,172296.98,C1529832641,C2147266656,0.9545112499371302,0
CF00393,TX06296757,6296757,680,TRANSFER,28399.72,C916162513,C1708739,0.9543036234792508,1
CF00394,TX06040731,6040731,488,TRANSFER,27696.89,C928616706,C911339546,0.9543036234792508,1
CF00395,TX06260212,6260212,608,TRANSFER,27985.73,C1047942249,C2050212137,0.9543036234792508,1
CF00396,TX05989789,5989789,416,TRANSFER,27276.07,C746928702,C1644712820,0.9540677543829764,1
CF00397,TX06040605,6040605,487,TRANSFER,27157.28,C1837306747,C683621534,0.9540461833600508,0
CF00398,TX06039795,6039795,484,TRANSFER,26654.46,C755286039,C2094079166,0.9540461833600508,1
CF00399,TX06202034,6202034,582,TRANSFER,27500.84,C1339299204,C1399288614,0.9540461833600508,0
CF00400,TX06008709,6008709,438,TRANSFER,27286.66,C2089576427,C1225621271,0.9540461833600508,1
CF00401,TX06298150,6298150,681,TRANSFER,141962.98,C819596020,C718874530,0.953967871268196,0
CF00402,TX06281804,6281804,652,TRANSFER,740124.95,C2073636475,C1794713001,0.9537587860305412,1
CF00403,TX06296681,6296681,678,TRANSFER,749316.7,C965198261,C636887341,0.9537587860305412,1
CF00404,TX06064513,6064513,505,TRANSFER,745156.83,C2129553279,C1601194258,0.9537587860305412,1
CF00405,TX06351127,6351127,698,TRANSFER,748726.81,C598739398,C2062724919,0.9536895780359356,1
CF00406,TX05990195,5990195,416,TRANSFER,740686.26,C111071761,C1274203626,0.95346638501917,0
CF00407,TX06353028,6353028,705,TRANSFER,120296.52,C1864647264,C257828607,0.9531632583183928,0
CF00408,TX06168656,6168656,556,TRANSFER,788855.1,C1746913772,C1225375125,0.9531414686526845,1
CF00409,TX06118436,6118436,534,TRANSFER,771024.82,C1127605507,C1392260750,0.9531414686526845,1
CF00410,TX06168668,6168668,557,TRANSFER,776303.43,C137450034,C97544246,0.9531414686526845,1
CF00411,TX05988010,5988010,413,TRANSFER,786278.72,C1379900917,C491276227,0.9531414686526845,1
CF00412,TX06201904,6201904,581,TRANSFER,801763.51,C1070533651,C1336603610,0.9531414686526845,1
CF00413,TX06201998,6201998,582,TRANSFER,781988.85,C646587946,C1426895610,0.9531414686526845,1
CF00414,TX06064987,6064987,507,TRANSFER,781183.07,C815279404,C388526228,0.9531414686526845,1
CF00415,TX06201734,6201734,578,TRANSFER,736677.36,C699869751,C1904435627,0.9530164942909184,1
CF00416,TX06260574,6260574,608,TRANSFER,780687.45,C1149916025,C757331107,0.9528490676413134,1
CF00417,TX06202791,6202791,584,TRANSFER,777448.03,C86523774,C262188325,0.9528490676413134,1
CF00418,TX06273169,6273169,633,TRANSFER,125107.12,C2008189700,C1820507846,0.9528408036871064,1
CF00419,TX06203238,6203238,585,TRANSFER,124989.14,C1015203887,C446262285,0.9528408036871064,0
CF00420,TX06300632,6300632,681,TRANSFER,126047.04,C579862822,C1470094334,0.9528408036871064,0
CF00421,TX06362441,6362441,729,TRANSFER,90026.9,C2144761776,C514777944,0.9525678993776266,1
CF00422,TX06020277,6020277,461,TRANSFER,830991.53,C1642150548,C1757788418,0.9524524088536644,1
CF00423,TX06362417,6362417,727,TRANSFER,815384.83,C1145249863,C1054116323,0.9524524088536644,1
CF00424,TX06204584,6204584,585,TRANSFER,144654.43,C1730151378,C1413922420,0.9523167996822052,0
CF00425,TX06272971,6272971,628,TRANSFER,709950.57,C1239512802,C1688563256,0.9522286053440884,1
CF00426,TX06118812,6118812,536,TRANSFER,624686.04,C1401632766,C1786081115,0.9522026453588048,1
CF00427,TX06260055,6260055,608,TRANSFER,637197.74,C1212901074,C1455940499,0.9522026453588048,0
CF00428,TX06201890,6201890,580,TRANSFER,628697.26,C579184994,C855476478,0.9521915682375904,1
CF00429,TX06202697,6202697,583,TRANSFER,615398.61,C2116343175,C532704190,0.9521915682375904,1
CF00430,TX06118804,6118804,535,TRANSFER,606501.57,C602476051,C2044007748,0.9521915682375904,1
CF00431,TX06118183,6118183,532,TRANSFER,634046.89,C2071768911,C922817338,0.9521915682375904,1
CF00432,TX06040022,6040022,487,TRANSFER,609400.88,C1295000556,C1061559557,0.9521915682375904,1
CF00433,TX06351196,6351196,700,TRANSFER,635409.32,C818444263,C2044514813,0.9521915682375904,1
CF00434,TX06200944,6200944,576,TRANSFER,8989.53,C1632811256,C1170754501,0.9521905628156674,0
CF00435,TX05990048,5990048,416,TRANSFER,819256.31,C2077019216,C401235877,0.9521600078422932,0
CF00436,TX06351064,6351064,697,TRANSFER,620791.47,C1305407743,C910082449,0.9521511946180528,1
CF00437,TX06273143,6273143,631,TRANSFER,696575.46,C492478003,C29466655,0.9521008428476664,1
CF00438,TX06168662,6168662,557,TRANSFER,839077.79,C593031414,C556669926,0.9520993122603836,1
CF00439,TX06201876,6201876,580,TRANSFER,835770.84,C561189362,C1608195896,0.9520993122603836,1
CF00440,TX06362405,6362405,726,TRANSFER,834495.09,C1740198576,C1453130071,0.9520993122603836,1
CF00441,TX06008477,6008477,436,TRANSFER,842554.02,C2022831297,C676778137,0.9520993122603836,1
CF00442,TX06065289,6065289,510,TRANSFER,844348.52,C1554179748,C1181413990,0.9520993122603836,1
CF00443,TX06020282,6020282,461,TRANSFER,873356.47,C1856023832,C625389009,0.9520993122603836,1
CF00444,TX06117952,6117952,531,TRANSFER,834203.65,C558321458,C1072132804,0.9520993122603836,1
CF00445,TX06118261,6118261,533,TRANSFER,878034.02,C2050862672,C905665675,0.9520993122603836,1
CF00446,TX06039450,6039450,481,TRANSFER,832811.84,C1215783470,C1131260473,0.9520993122603836,1
CF00447,TX06362391,6362391,725,TRANSFER,873322.61,C488866911,C850044970,0.9520993122603836,1
CF00448,TX06019725,6019725,457,TRANSFER,879136.17,C2075685093,C1475814137,0.9520993122603836,1
CF00449,TX06281780,6281780,650,TRANSFER,692654.27,C435003043,C1552080163,0.952031634853061,1
CF00450,TX05987909,5987909,410,TRANSFER,871745.76,C1976927795,C1626688758,0.952030104265778,1
CF00451,TX06202843,6202843,584,TRANSFER,597806.2,C771874815,C339883956,0.952017045343652,1
CF00452,TX06281796,6281796,651,TRANSFER,595558.89,C554735206,C1403855588,0.9520059682224378,1
CF00453,TX06008483,6008483,436,TRANSFER,591766.42,C1250782425,C236114875,0.9520059682224378,1
CF00454,TX06281820,6281820,653,TRANSFER,598426.68,C652500321,C430642994,0.9520059682224378,1
CF00455,TX06201458,6201458,577,TRANSFER,600618.37,C53219174,C173571164,0.9519655946029,0
CF00456,TX06296368,6296368,673,TRANSFER,601086.76,C1905297082,C81814576,0.9519655946029,0
CF00457,TX05987212,5987212,408,TRANSFER,745401.28,C950307133,C1872255237,0.95195507885187,0
CF00458,TX06118818,6118818,536,TRANSFER,844213.81,C219417445,C391747525,0.9518069112490124,1
CF00459,TX05989530,5989530,416,TRANSFER,868216.57,C1324638492,C1690959732,0.9518069112490124,0
CF00460,TX05990450,5990450,417,TRANSFER,237776.02,C1229699193,C198915551,0.9515833694370108,1
CF00461,TX06298445,6298445,681,TRANSFER,232846.71,C966102451,C1864338849,0.9515833694370108,0
CF00462,TX06300207,6300207,681,TRANSFER,236355.24,C199308187,C429701467,0.9515833694370108,0
CF00463,TX06281499,6281499,648,TRANSFER,774868.1,C174708557,C1964948476,0.9513377614740134,1
CF00464,TX05981603,5981603,408,TRANSFER,771867.89,C464590173,C436494345,0.9513377614740134,0
CF00465,TX06351060,6351060,696,TRANSFER,803038.11,C1481259935,C749805705,0.9512887282701804,1
CF00466,TX06259915,6259915,602,TRANSFER,274125.77,C589532361,C2042839452,0.950860821224887,1
CF00467,TX06008431,6008431,435,TRANSFER,365332.78,C815195284,C181224560,0.950709115413993,1
CF00468,TX06259868,6259868,601,TRANSFER,136306.95,C1859218920,C2118918378,0.9507069376311637,0
CF00469,TX05987516,5987516,409,TRANSFER,137582.36,C1202918119,C1459096707,0.9507069376311637,0
CF00470,TX06201186,6201186,576,TRANSFER,818639.22,C2092303293,C2311049,0.9505996684711602,1
CF00471,TX05982733,5982733,408,TRANSFER,819608.86,C962755295,C1321230761,0.9505996684711602,0
CF00472,TX05986484,5986484,408,TRANSFER,612880.97,C365061295,C1256994274,0.9503878610589196,0
CF00473,TX06259032,6259032,600,TRANSFER,612229.86,C191516415,C278468625,0.9503878610589196,1
CF00474,TX05981967,5981967,408,TRANSFER,607505.09,C1547564623,C644013527,0.9503878610589196,0
CF00475,TX05986470,5986470,408,TRANSFER,619506.41,C203599406,C1593194650,0.9503878610589196,0
CF00476,TX06168676,6168676,557,TRANSFER,2719.66,C1641144181,C1326956055,0.9503485956683784,1
CF00477,TX06167694,6167694,552,TRANSFER,692743.57,C1785747825,C1989613920,0.9502971356689952,1
CF00478,TX05979465,5979465,408,TRANSFER,694543.61,C2092913302,C1545265219,0.9502971356689952,0
CF00479,TX05979830,5979830,408,TRANSFER,851811.15,C1043496535,C2037254676,0.9502465718778792,0
CF00480,TX06118832,6118832,537,TRANSFER,266546.68,C1561774472,C351398995,0.9501370389151154,1
